url,name,birth,death
http://www.phil.muni.cz/fil/scf/komplet/adam.html,Daniel Adam z Veleslavína,* 31. 8. 1546 Veleslavín u Prahy,† 18. 10. 1599 Praha
http://www.phil.muni.cz/fil/scf/komplet/adamik.html,Richard Adamík,* 4. 4. 1867 Hranice na Moravě,† 15. 8. 1952
http://www.phil.muni.cz/fil/scf/komplet/albert.html,František Albert,* 29. 4. 1856 Žamberk,† 22. 7. 1923 Potštejn
http://www.phil.muni.cz/fil/scf/komplet/albik.html,Albík z Uničova,* asi 1358 Uničov,† 1427 Uhry
http://www.phil.muni.cz/fil/scf/komplet/alexej.html,Nikolaj Alexejev,* 1. 5. 1879 Moskva,† 2. 3. 1964 Ženeva
http://www.phil.muni.cz/fil/scf/komplet/altr.html,Michal Altrichter,* 19. 6. 1965 Kopřivnice,
http://www.phil.muni.cz/fil/scf/komplet/amerl.html,Karel Slavomil Amerling,* 18. 9. 1807 Klatovy,† 2. 11. 1884 Praha
http://www.phil.muni.cz/fil/scf/komplet/armbrs.html,Ludvík Armbruster,,
http://www.phil.muni.cz/fil/scf/komplet/arnold.html,Emanuel Arnold,* 9. 11. 1800 Mnichovo Hradiště,† 4. 1. 1869 Praha
http://www.phil.muni.cz/fil/scf/komplet/ariaga.html,Rodrigo de Arriaga,* 1592 Logroňo,† 1667 Praha
http://www.phil.muni.cz/fil/scf/komplet/augolm.html,Augustin Olomoucký,* 1467 Olomouc,† 3. 11. 1513 Olomouc
http://www.phil.muni.cz/fil/scf/komplet/babak.html,Edward Babák,* 8. 6. 1873 Smidary u Nového Bydžova,† 30. 5. 1926 Brno
http://www.phil.muni.cz/fil/scf/komplet/bakos.html,Vladimír Bakoš,* 23. 1. 1949 Bratislava,† 18. 12. 2009
http://www.phil.muni.cz/fil/scf/komplet/balabn.html,Milan Balabán,* 3. 9. 1929 Boratín (dnes Ukrajina),† 4. 1. 2019 Libice nad Cidlinou
http://www.phil.muni.cz/fil/scf/komplet/balazo.html,Jana Balážová,* 1. 8. 1952 Martin,† 7. 10. 2004 Bratislava
http://www.phil.muni.cz/fil/scf/komplet/balbin.html,Bohuslav Balbín,* 3. 12. 1621 Hradec Králové,† 27. 11. 1688 Praha – Staré Město
http://www.phil.muni.cz/fil/scf/komplet/balej.html,František Balej,* 29. 9. 1873 Kounice u Českého Brodu,† 4. 11. 1918 Praha
http://www.phil.muni.cz/fil/scf/komplet/banovs.html,František Banovský,* 8. 10. 1635 Hranice na Moravě,† 1. 12. 1690 Olomouc
http://www.phil.muni.cz/fil/scf/komplet/baran.html,Pavel Baran,* 25. 4. 1957 Ostrava,
http://www.phil.muni.cz/fil/scf/komplet/bartsf.html,František Michálek Bartoš,* 5. 4. 1889 Rychnov n. Kněžnou,† 12. 5. 1972 Praha
http://www.phil.muni.cz/fil/scf/komplet/bartos.html,Jaromír Bartoš,* 28. 3. 1927 Písečné,† 13. 4. 1972 Brno
http://www.phil.muni.cz/fil/scf/komplet/bartjo.html,Josef Bartoš,* 4. 3. 1887 Vysoké Mýto,† 27. 10. 1952 Praha
http://www.phil.muni.cz/fil/scf/komplet/basta.html,Jan Bašta,* 5. 6. 1860 Poděbrady,† 12. 10. 1936 Praha
http://www.phil.muni.cz/fil/scf/komplet/bayerm.html,Marie Bayerová,* 2. 1. 1922 Příbor,† 31. 1. (nebo 3. 2.) 1997 Praha
http://www.phil.muni.cz/fil/scf/komplet/bednf.html,František Bednář,* 10. 7. 1884 Vír na Moravě,† 11. 7. 1963 Praha
http://www.phil.muni.cz/fil/scf/komplet/bednji.html,Jiří Bednář,* 25. 11. 1935 Praha,† 23. 8. 1973 Praha
http://www.phil.muni.cz/fil/scf/komplet/bednar.html,Miloslav Bednář,* 21. 10. 1948 Praha,
http://www.phil.muni.cz/fil/scf/komplet/bek.html,Roman Bek,* 16. 12. 1924 Plzeň,
http://www.phil.muni.cz/fil/scf/komplet/blhrdk.html,Jan Bělehrádek,* 18. 12. 1896 Praha,† 8. 5. 1980 Londýn
http://www.phil.muni.cz/fil/scf/komplet/belohr.html,Václav Bělohradský,* 17. 1. 1944 Praha,
http://www.phil.muni.cz/fil/scf/komplet/bendlv.html,Peluška Bendlová,* 31. 7. 1931 Piešťany,† 2019
http://www.phil.muni.cz/fil/scf/komplet/bensed.html,Edvard Beneš,* 28. 5. 1884 Kožlany,† 3. 9. 1948 Sezimovo Ústí
http://www.phil.muni.cz/fil/scf/komplet/benesj.html,Jaroslav Beneš,* 6. 4. 1892 Praha,† 24. 6. 1963 Praha
http://www.phil.muni.cz/fil/scf/komplet/benjos.html,Josef Beneš,* 27. 12. 1901 Hronov,† 20. 4. 1970 Praha
http://www.phil.muni.cz/fil/scf/komplet/berjan.html,Jan Beránek,* 30. 11. 1926 Jeřišno pod Železnými horami,
http://www.phil.muni.cz/fil/scf/komplet/bergmn.html,Samuel Hugo Bergman,* 25. 12. 1883 Praha,† 18. 6. 1975 Jeruzalém
http://www.phil.muni.cz/fil/scf/komplet/berka.html,Karel Berka,* 4. 5. 1923 Břeclav,† 24. 11. 2004
http://www.phil.muni.cz/fil/scf/komplet/bicek.html,František Bicek,* 29. 3. 1891 Vrcov u Borovan,† 1. 7. 1938 Split
http://www.phil.muni.cz/fil/scf/komplet/bieder.html,Gustav Biedermann,* 15. 2. 1815 Český Dub,† 30. 4. 1890 Podmokly
http://www.phil.muni.cz/fil/scf/komplet/blaha.html,Inocenc Arnošt Bláha,* 28. 7. 1879 Krasoňov u Humpolce,† 25. 4. 1960 Brno
http://www.phil.muni.cz/fil/scf/komplet/blahsl.html,Jan Blahoslav,* 20. 2. 1523 Přerov,† 24. 11. 1571 Moravský Krumlov
http://www.phil.muni.cz/fil/scf/komplet/vlk-bl.html,Blažej Vlk ze Strážně,* ok. 1350,† 20. 8. 1410
http://www.phil.muni.cz/fil/scf/komplet/blecha.html,Ivan Blecha,* 1. 8. 1957 Praha,
http://www.phil.muni.cz/fil/scf/komplet/bodlak.html,Karel Bodlák,* 3. 11. 1903 Soběslav,† 1. 2. 1989 Praha
http://www.phil.muni.cz/fil/scf/komplet/bodnar.html,Ján Bodnár,* 18. 10. 1924 Hnúšťa-Likier,† 20. 12. 2016
http://www.phil.muni.cz/fil/scf/komplet/bohatc.html,Josef Bohatec,* 26. 1. 1876 Kochov,† 6. 6. 1954 Vídeň
http://www.phil.muni.cz/fil/scf/komplet/bohuml.html,Mistr Bohumil,* 13. století,
http://www.phil.muni.cz/fil/scf/komplet/boll.html,Antonín Boll,* 30. 7. 1721 Praha,† 22. 7. 1792 Kučerov
http://www.phil.muni.cz/fil/scf/komplet/bolzno.html,Bernard Bolzano,* 5. 10. 1781 Praha,† 18. 12. 1848 Praha
http://www.phil.muni.cz/fil/scf/komplet/bondy.html,Egon Bondy,* 20. 1. 1930 Praha,† 9. 4. 2007 Bratislava
http://www.phil.muni.cz/fil/scf/komplet/borec.html,Vladimír Borecký,* 6. 12. 1941 Praha,† 6. 2. 2009 Praha
http://www.phil.muni.cz/fil/scf/komplet/borek.html,Edmund Borek,* 4. 11. 1880 Vídeň,† 1. 3. 1924 Vídeň
http://www.phil.muni.cz/fil/scf/komplet/bornia.html,Ignác Antonín Born,* 26. 12. 1742 Karlovský Bělehrad (Alba Iulia),† 24. 7. 1791 Vídeň
http://www.phil.muni.cz/fil/scf/komplet/borsky.html,Lev Borský,* 2. 9. 1883 Kolín,† říjen 1944 Osvětim
http://www.phil.muni.cz/fil/scf/komplet/boriv.html,Bořivoj z Prahy,* 14.–15. století,
http://www.phil.muni.cz/fil/scf/komplet/boubl.html,Vladimír Boublík,* 16. 9. 1928 Mokrosuky,† 24. 9. 1974 Klatovy
http://www.phil.muni.cz/fil/scf/komplet/brahe.html,Tycho (Tyge) Brahe,* 14. 12. 1546 Knutstorpa ve Scanii (Dánsko),† 24. 10. 1601 Praha
http://www.phil.muni.cz/fil/scf/komplet/braito.html,Silvestr Maria Braito,"* 14. 6. 1898 Ruščuk (Ruse, Bulharsko)",† 25. 9. 1962 Praha-Břevnov
http://www.phil.muni.cz/fil/scf/komplet/bratrn.html,František Tomáš Bratranek,* 3. 11. 1815 Jedovnice (u Blanska),† 2. 8. 1884 Brno
http://www.phil.muni.cz/fil/scf/komplet/bridel.html,Fridrich Bridel,* 1. 4. 1619 Vysoké Mýto,† 15. 10. 1680 Kutná Hora
http://www.phil.muni.cz/fil/scf/komplet/brikci.html,Brikcí z Licka,* asi 1488 Kouřim (Licko),† 1543 Praha (nebo Čáslav)
http://www.phil.muni.cz/fil/scf/komplet/brkc.html,Brikcí ze Žatce,,
http://www.phil.muni.cz/fil/scf/komplet/brodm.html,Max Brod,* 27. 5. 1884 Praha,† 20. 12. 1968 Tel Aviv
http://www.phil.muni.cz/fil/scf/komplet/brozs.html,Pavel Brosz,* 5. 6. 1913 Stará Lesná (Altwaldorf),
http://www.phil.muni.cz/fil/scf/komplet/brouk.html,Bohuslav Brouk,* 19. 11. 1912 Praha,† 20. 1. 1978 Londýn
http://www.phil.muni.cz/fil/scf/komplet/broz.html,Luděk Brož,* 2. 5. 1922 Praha,† 20. 8. 2003 Praha
http://www.phil.muni.cz/fil/scf/komplet/brozek.html,Josef Brožek,* 14. 8. 1913 Mělník nad Labem,† 18. 1. 2004
http://www.phil.muni.cz/fil/scf/komplet/brozik.html,Vladimír Brožík,* 3. 12. 1930 Přešín,† 9. 6. 2008 Myjava
http://www.phil.muni.cz/fil/scf/komplet/bruna.html,Eduard Bruna,* 27. 8. 1822 Praha,† 24. 6. 1889 Kyselka u Karlových Varů
http://www.phil.muni.cz/fil/scf/komplet/brez.html,Jan Březina,* 25. 2. 1930 Milkov,† 8. 7. 1994 Šternberk
http://www.phil.muni.cz/fil/scf/komplet/brezna.html,Otokar Březina,* 13. 9. 1868 Počátky,† 25.  3. 1929 Jaroměřice nad Rokytnou
http://www.phil.muni.cz/fil/scf/komplet/bucek.html,Josef Ignác Buček,* 6. 5. 1741 Příbor,† 26. 3. 1821 Praha
http://www.phil.muni.cz/fil/scf/komplet/bulin.html,Hynek Bulín,* 23. 11. 1908 Brno,† 22. 12. 1996 Brno
http://www.phil.muni.cz/fil/scf/komplet/bulova.html,Josef Adolf Bulova,* 29. 12. 1840 Mělník,† 1. 12. 1903 Praha
http://www.phil.muni.cz/fil/scf/komplet/buzek.html,Bonifác Buzek,* 31. 1. 1788 Příbor,† 21. 6. 1839 Brno
http://www.phil.muni.cz/fil/scf/komplet/buzekk.html,Buzek z Kdyně,,
http://www.phil.muni.cz/fil/scf/komplet/byrdin.html,Ivan Byrdin,* 19. 7. 1879 Ryl'sk Kurskij (Rusko),† 17. 7. 1943 Praha
http://www.phil.muni.cz/fil/scf/komplet/lobkjc.html,Jan Caramuel z Lobkovic,* 13. 5. 1606 Madrid,† 8. 9. 1682 Vigevana
http://www.phil.muni.cz/fil/scf/komplet/carnap.html,Rudolf Carnap,* 18. 5. 1891 Ronsdorf u Barmen,† 14. 9. 1970 Sante Monica (Kalifornie)
http://www.phil.muni.cz/fil/scf/komplet/cetl.html,Jiří Cetl,* 31. 12. 1925 Brno,† 22. 7. 2002  
http://www.phil.muni.cz/fil/scf/komplet/cibul.html,Josef Cibulka,* 11. 2. 1926 Plzeň,
http://www.phil.muni.cz/fil/scf/komplet/ciger.html,Juraj Cíger,* 17. 10. 1914 Rudno,† 9. 12. 2006
http://www.phil.muni.cz/fil/scf/komplet/cirbes.html,Vladimír Cirbes,* 21. 9. 1926 Rybník (okr. Revúca),† 29. 10. 2006
http://www.phil.muni.cz/fil/scf/komplet/clemnt.html,Vladimír Clementis,* 20. 9. 1902 Tisovec,† 3. 12. 1952 Praha
http://www.phil.muni.cz/fil/scf/komplet/cmorej.html,Pavel Cmorej,* 1. 1. 1937 Spišské Podhradie,
http://www.phil.muni.cz/fil/scf/komplet/cornov.html,Ignác Cornova,* 25. 7. 1740 Praha,† 25. 7. 1822 Praha
http://www.phil.muni.cz/fil/scf/komplet/coufal.html,Josef Coufal,* 15. 10. 1930 Ludslavice,
http://www.phil.muni.cz/fil/scf/komplet/ctibzr.html,Ctibor z Radče,,
http://www.phil.muni.cz/fil/scf/komplet/ctizve.html,Ctibor z Velvar,* 14.–15. století,
http://www.phil.muni.cz/fil/scf/komplet/cvekl.html,Jiří Cvekl,* 14. 9. 1919 Nižbor,† 11.5. 1995 Praha
http://www.phil.muni.cz/fil/scf/komplet/cadaf.html,František Čáda,* 6. 4. 1865 Praha,† 14. 12. 1918 Praha
http://www.phil.muni.cz/fil/scf/komplet/cala.html,Antonín Čala,* 4. 7. 1907 Všemina u Zlína,† 26. 5. 1984 Olomouc
http://www.phil.muni.cz/fil/scf/komplet/calek.html,Oldřich Čálek,* 1. 7. 1946 Loket nad Ohří,† 13. 11. 2019
http://www.phil.muni.cz/fil/scf/komplet/capkjb.html,Jan Blahoslav Čapek,* 6. 11. 1903 Třebechovice pod Orebem,† 10. 9. 1982 Praha
http://www.phil.muni.cz/fil/scf/komplet/capekj.html,Josef Čapek,* 23. 3. 1887 Hronov,† mezi 5. a 24. 4. 1945 Bergen-Belsen
http://www.phil.muni.cz/fil/scf/komplet/capekk.html,Karel Čapek,* 9. 1. 1890 Malé Svatoňovice,† 25. 12. 1938 Praha
http://www.phil.muni.cz/fil/scf/komplet/capmil.html,Milič Čapek,* 26.1. 1909 Třebechovice pod Orebem,† 17. 11.1997 Little Rock (Arkansas)
http://www.phil.muni.cz/fil/scf/komplet/capekn.html,Norbert Fabián Čapek,* 3. 6. 1870 Radomyšl u Strakonic,† 30. 10. 1942 Dachau
http://www.phil.muni.cz/fil/scf/komplet/capkva.html,Dagmar Čapková,"* 13. 9. 1925 Úborsko, okr. Klatovy",† 24. 5. 2016
http://www.phil.muni.cz/fil/scf/komplet/carnog.html,Marina Čarnogurská,* 11. 6. 1940 Bratislava,
http://www.phil.muni.cz/fil/scf/komplet/cechak.html,Vladimír Čechák,* 21. 3. 1939 Olomouc,
http://www.phil.muni.cz/fil/scf/komplet/cep.html,Jan Čep,* 31. 12. 1902 Myslechovice u Litovle,† 25. 1. 1974 Paříž
http://www.phil.muni.cz/fil/scf/komplet/cermak.html,Vladimír Čermák,"* 3. 9. 1929 Čechyně, okr. Vyškov",† 21. 7. 2004 Brno
http://www.phil.muni.cz/fil/scf/komplet/cernik.html,Václav Černík,"* 7. 5. 1931 Jezbořice, okr. Pardubice",
http://www.phil.muni.cz/fil/scf/komplet/cernov.html,Viktor Černov,* 19. 11. 1873 Kamyšin (Rusko),† 15. 4. 1952 New York
http://www.phil.muni.cz/fil/scf/komplet/cernyj.html,Jiří Černý,* 24. 2. 1928 Praha,† 1. 11. 1982 Praha
http://www.phil.muni.cz/fil/scf/komplet/cernyv.html,Václav Černý,* 26. 3. 1905 Jizbice u Náchoda,† 2. 7. 1987 Praha
http://www.phil.muni.cz/fil/scf/komplet/cerven.html,Jaromír Červenka,* 17. 1. 1903 Třebíč,† 1983
http://www.phil.muni.cz/fil/scf/komplet/ceska.html,Jan Češka,,
http://www.phil.muni.cz/fil/scf/komplet/cupr.html,František Čupr,* 11. 4. 1821 Chrást u Chrudimi,† 28. 6. 1882 Praha-Libeň
http://www.phil.muni.cz/fil/scf/komplet/cyzev.html,Dmytro Čyževskyj,* 5. 4. 1894 Oleksandrija (Ukrajina),† 18. 4. 1977 Heidelberg
http://www.phil.muni.cz/fil/scf/komplet/dacik.html,Reginald Dacík,* 21. 1. 1907 Uherský Brod,
http://www.phil.muni.cz/fil/scf/komplet/danhel.html,Milan Daňhel,* 30. 12. 1941 Uherské Hradiště,
http://www.phil.muni.cz/fil/scf/komplet/dastch.html,Josef Dastich,* 27. 2. 1835 Čimelice,† 31. 3. 1870 Praha
http://www.phil.muni.cz/fil/scf/komplet/delmdg.html,Josef Šelomo Delmedigo,* 16. 9. 1591 Kréta (Candia),† 16. 10. 1655 Praha
http://www.phil.muni.cz/fil/scf/komplet/desol.html,Jan Nepomuk František Desolda,* 10. 9. 1811 Švihov,† 8. 2. 1885 Teplá
http://www.phil.muni.cz/fil/scf/komplet/dieska.html,Jozef Dieška,* 5. 4. 1913 Dolná Lehota,† 15. 3. 1995 Dayton (USA)
http://www.phil.muni.cz/fil/scf/komplet/dobias.html,František Mrázek Dobiáš,* 2. 3. 1907 Třebíč,† 2. 10. 1972 Laasphe
http://www.phil.muni.cz/fil/scf/komplet/dobner.html,Felix Job Dobner,* 30. 5. 1719 Praha,† 24. 5. 1790 Praha
http://www.phil.muni.cz/fil/scf/komplet/dobrov.html,Josef Dobrovský,* 17. 8. 1753 Ďarmoty,† 6. 1. 1829 Brno
http://www.phil.muni.cz/fil/scf/komplet/dobrus.html,Augustin Krauser Dobruský,* 1862 Dobruška,† 9. 9. 1927 Dobruška
http://www.phil.muni.cz/fil/scf/komplet/dokuli.html,Miloš Dokulil,* 23. 7. 1928 Brno,
http://www.phil.muni.cz/fil/scf/komplet/dratv.html,Albína Dratvová,* 27. 12. 1891 (v matrice 2. 1. 1892) Praha,
http://www.phil.muni.cz/fil/scf/komplet/drbal.html,Matěj Amos Drbal,* 20. 2. 1829 Brodek u Prostějova,† 17. 4. 1885 Brno
http://www.phil.muni.cz/fil/scf/komplet/drosb.html,Maxmilian Drossbach,* 1810 Dinkelsbühl (Bavorsko),† 1884 Bäumenheim (Bavorsko)
http://www.phil.muni.cz/fil/scf/komplet/drt.html,František Drtina,* 3. 10. 1861 Hněvšín u Dobříše,† 14. 1. 1925 Praha
http://www.phil.muni.cz/fil/scf/komplet/dubnic.html,Ján Dubnička,* 7. 5. 1941 Slávnica,
http://www.phil.muni.cz/fil/scf/komplet/dubska.html,Irena Dubská,* 17. 11. 1924 Praha,† 24. 7. 2010 Praha  
http://www.phil.muni.cz/fil/scf/komplet/dubsky.html,Ivan Dubský,* 3. 9. 1926 Praha,
http://www.phil.muni.cz/fil/scf/komplet/dubsk.html,Jan Dubský,* 4. 10. 1649 Nové Meziříčí  ,† 17. 8. 1700 Jindřichův Hradec  
http://www.phil.muni.cz/fil/scf/komplet/dudas.html,Cyril Dudáš,* 8. 2. 1910 Zeleneč,† 10. 1. 1982 Bratislava
http://www.phil.muni.cz/fil/scf/komplet/duchek.html,Jan Duchek,* 18. 11. 1669 Jindřichův Hradec ,† 15. 6. 1732 Hradec Králové  
http://www.phil.muni.cz/fil/scf/komplet/durdj.html,Josef Durdík,* 15. 10. 1837 Hořice u Jičína,† 30. 6. 1902 Praha
http://www.phil.muni.cz/fil/scf/komplet/duzi.html,Ilja Duží,"* 2. 3. 1931 Dobrá, okr. Frýdek-Místek",† 19. 12. 2009 Ostrava 
http://www.phil.muni.cz/fil/scf/komplet/duzim.html,Marie DuĹľĂ­,* 11. 10. 1948 Ostrava,
http://www.phil.muni.cz/fil/scf/komplet/dvornk.html,František Dvorník,* 14. 8. 1893 Chomýž,† 4. 11. 1975 Chomýž
http://www.phil.muni.cz/fil/scf/komplet/dvork.html,Rudolf Dvořák,* 12. 11. 1860 Dříteň u Českých Budějovic,† 1. 2. 1920 Praha
http://www.phil.muni.cz/fil/scf/komplet/effenb.html,Vratislav Effenberger,* 22. 4. 1923 Nymburk,† 10. 8. 1986 Praha
http://www.phil.muni.cz/fil/scf/komplet/ehrenf.html,Christian von Ehrenfels,* 20. 6. 1859 Rodaun,† 7. 9. 1932 Lichtenau
http://www.phil.muni.cz/fil/scf/komplet/englis.html,Karel Engliš,* 17. 8. 1880 Hrabyně u Opavy,† 13. 6. 1961 Hrabyně u Opavy
http://www.phil.muni.cz/fil/scf/komplet/engst.html,Jaroslav Engst,* 23. 9. 1924 Praha,† 3. 11. 1982 Praha
http://www.phil.muni.cz/fil/scf/komplet/exner.html,Franz Exner,* 28. 8. 1802 Vídeň,† 21. 6. 1853 Padova
http://www.phil.muni.cz/fil/scf/komplet/fajfr.html,František Fajfr,* 18. 8. 1892 Humpolec,† 12. 2. 1969 Praha
http://www.phil.muni.cz/fil/scf/komplet/fajkus.html,Břetislav Fajkus,* 3. 4. 1933 Ostrava,† 8. 1. 2021
http://www.phil.muni.cz/fil/scf/komplet/farksv.html,Etela Farkašová,* 5. 10. 1943 Levoča,
http://www.phil.muni.cz/fil/scf/komplet/felber.html,Stanislav Felber,* 7. 5. 1905 Praha,† 27. 10. 1956 Bratislava
http://www.phil.muni.cz/fil/scf/komplet/fiala.html,Jiří Fiala,* 24. 2. 1939 Uherské Hradiště,† 22. 11. 2012 Brno
http://www.phil.muni.cz/fil/scf/komplet/fidrmc.html,J. Fidrmuc,* 19. století,
http://www.phil.muni.cz/fil/scf/komplet/filipc.html,Jindřich Filipec,* 18. 12. 1926 Hradec u Stoda,
http://www.phil.muni.cz/fil/scf/komplet/filkor.html,Vojtech Filkorn,* 8. 4. 1922 Pravenec,† 14. 4. 2009 Bratislava
http://www.phil.muni.cz/fil/scf/komplet/filo.html,Ondrej Filo,"* 14. 10. 1927 Čičmany, okr. Žilina",
http://www.phil.muni.cz/fil/scf/komplet/filova.html,Elena Filová,"* 20. 7. 1920 Málinec, okr. Lučenec",
http://www.phil.muni.cz/fil/scf/komplet/jfisch.html,Josef Fischer,* 2. 4. 1891 Kolín,† únor 1945 Brandenburg
http://www.phil.muni.cz/fil/scf/komplet/fisjl.html,Josef Ludvík Fischer,* 6. 11. 1894 Praha,† 17. 2. 1973 Olomouc
http://www.phil.muni.cz/fil/scf/komplet/bondy.html,Egon Bondy,* 20. 1. 1930 Praha,† 9. 4. 2007 Bratislava
http://www.phil.muni.cz/fil/scf/komplet/floria.html,Josef Florian,* 9. 2. 1873 Stará Říše,† 29. 12. 1941 Stará Říše
http://www.phil.muni.cz/fil/scf/komplet/flos-k.html,Karel Floss,* 19. 7. 1926 Hodonín,
http://www.phil.muni.cz/fil/scf/komplet/flosp.html,Pavel Floss,* 22. 9. 1940 Olomouc,
http://www.phil.muni.cz/fil/scf/komplet/fluser.html,Vilém Flusser,* 12. 5. 1920 Praha,† 27. 11. 1991 poblíž Prahy
http://www.phil.muni.cz/fil/scf/komplet/fogl.html,Eva Foglarová,* 29. 5. 1941 Nový Jičín,† 14. 11. 2009 Praha
http://www.phil.muni.cz/fil/scf/komplet/formnk.html,Eva Formánková,* 5. 1. 1931 Popovice,† 8. 12. 2019 Praha
http://www.phil.muni.cz/fil/scf/komplet/forstv.html,Vilém Forster,* 16. 3. 1884 Hory Ratibořské u Tábora,"† 22. 5. 1934 Radošovice, okr. Benešov"
http://www.phil.muni.cz/fil/scf/komplet/fousb.html,Břetislav Foustka,* 5. 2. 1862 Trpín u Poličky,† 22. 2. 1947 Poděbrady
http://www.phil.muni.cz/fil/scf/komplet/freud.html,Sigmund Freud,* 6. 5. 1856 Příbor,† 23. 9. 1939 Londýn
http://www.phil.muni.cz/fil/scf/komplet/fric.html,Josef Václav Frič,* 5. 9. 1829 Praha,† 14. 10. 1890 Praha
http://www.phil.muni.cz/fil/scf/komplet/fuchs.html,Alfred Fuchs,* 23. 6. 1892 Praha-Královské Vinohrady,† 16. 2. 1941 Dachau
http://www.phil.muni.cz/fil/scf/komplet/funda.html,Otakar A. Funda,* 13. 9. 1943 Praha,
http://www.phil.muni.cz/fil/scf/komplet/gabrj.html,Jiří Gabriel,* 22. 8. 1930 Baťovo,† 10. 11. 2020 Brno
http://www.phil.muni.cz/fil/scf/komplet/galla.html,Karel Galla,* 19. 8. 1901 Nový Jičín,† 1985 Praha
http://www.phil.muni.cz/fil/scf/komplet/gardav.html,Vítězslav Gardavský,* 24. 10. 1923 Ostrava-Zábřeh,† 7. 3. 1978 Prosetín
http://www.phil.muni.cz/fil/scf/komplet/gelen.html,Šimon Gelenius (Jelenius) Sušický,,
http://www.phil.muni.cz/fil/scf/komplet/goedel.html,Kurt Gödel,* 28. 4. 1906 Brno,† 14. 1. 1978 Princeton (USA)
http://www.phil.muni.cz/fil/scf/komplet/gomper.html,Theodor Gomperz,* 29. 3. 1832 Brno,† 29. 8. 1912 Baden-Wien
http://www.phil.muni.cz/fil/scf/komplet/gorovs.html,Karel Gorovský,* 10. 9. 1901 Jičín,† 5. 1. 1985 Ostrava
http://www.phil.muni.cz/fil/scf/komplet/grohvl.html,Vladimír Groh,* 26. 1. 1895 Holešov na Moravě,† 30. 9. 1941 Brno
http://www.phil.muni.cz/fil/scf/komplet/grulch.html,Vladimír Grulich,* 22. 3. 1924,† 25. 6. 1988 Praha
http://www.phil.muni.cz/fil/scf/komplet/gunth.html,Anton Günther,* 17. 11. 1783 Lindava,† 24. 2. 1863 Vídeň
http://www.phil.muni.cz/fil/scf/komplet/guth.html,Jiří Stanislav Guth-Jarkovský,* 23. 1. 1861 Heřmanův Městec,† 8. 1. 1943 Náchod
http://www.phil.muni.cz/fil/scf/komplet/haban.html,Metoděj Habáň,* 11. 9. 1899 Huštěnovice,† 27. 6. 1984 Brno
http://www.phil.muni.cz/fil/scf/komplet/had.html,Vojtěch Had,* 19. 2. 1635 Praha,† 11. 1. 1682 Košumberg
http://www.phil.muni.cz/fil/scf/komplet/hajek.html,Tadeáš Hájek z Hájku,* 1. 10. 1525 Praha,† 1. 9. 1600 Praha
http://www.phil.muni.cz/fil/scf/komplet/hajn.html,Antonín Hajn,* 24. 7. 1868 Solnice,† 26. 3. 1949 Praha
http://www.phil.muni.cz/fil/scf/komplet/hala.html,Vlastimil Hála,* 26. 2. 1951 Praha,
http://www.phil.muni.cz/fil/scf/komplet/halada.html,Jan Halada,* 26. 7. 1942 Domažlice,
http://www.phil.muni.cz/fil/scf/komplet/halek.html,Ivan Hálek,* 11. 11. 1872 Praha,† 17. 2. 1945 Praha
http://www.phil.muni.cz/fil/scf/komplet/halik.html,Tomáš Halík,* 1. 6. 1948 Praha,
http://www.phil.muni.cz/fil/scf/komplet/hancke.html,Johannes Hancke,* 2. 2. 1644 Nisa (Polsko),† 24. 8. 1713 Brno
http://www.phil.muni.cz/fil/scf/komplet/hanel.html,Melchior Hanel,* 6. 1. 1627 Kroměříž,† 31. 10. 1689 Olomouc
http://www.phil.muni.cz/fil/scf/komplet/hanusl.html,Ladislav Hanus,* 26. 2. 1907 Liptovský Mikuláš,† 8. 3. 1994 Ružomberok
http://www.phil.muni.cz/fil/scf/komplet/hanusi.html,Ignác Jan Hanuš,* 12. 11. 1812 Praha,† 19. 5. 1869 Praha
http://www.phil.muni.cz/fil/scf/komplet/bohhas.html,Bohuslav Hasištejnský z Lobkovic,* asi 1461 Hasištejn u Chomutova,† listopad 1510 Hasištejn u Chomutova
http://www.phil.muni.cz/fil/scf/komplet/haskov.html,Helena Haškovcová,* 19. 8. 1945 Praha,
http://www.phil.muni.cz/fil/scf/komplet/haub.html,Josef Haubelt,"* 27. 7. 1932 Olšovec, okr. Přerov",† 11. 3. 2013
http://www.phil.muni.cz/fil/scf/komplet/havelv.html,Václav Havel,* 5. 10. 1936 Praha,† 18. 12. 2011 Vlčice-Hrádeček
http://www.phil.muni.cz/fil/scf/komplet/havelu.html,Havel z Úterého,* 14.–15. století,
http://www.phil.muni.cz/fil/scf/komplet/havlkj.html,Jaroslav Havelka,* 1922 Silůvky u Brna,† 14. 8. 1997 London (Kanada)
http://www.phil.muni.cz/fil/scf/komplet/havlka.html,Miloš Havelka,* 29. 7. 1944 Brno,
http://www.phil.muni.cz/fil/scf/komplet/havlbo.html,Karel Havlíček Borovský,* 21. 10. 1821 Borová u Přibyslavi,† 29. 7. 1856 Praha
http://www.phil.muni.cz/fil/scf/komplet/havlik.html,Vladimír Havlík,* 2. 1. 1961 Nymburk,
http://www.phil.muni.cz/fil/scf/komplet/heidl.html,Alexander Heidler,* 1. 12. 1916 Praha,† 3. 8. 1980 Mnichov
http://www.phil.muni.cz/fil/scf/komplet/hejdnk.html,Ladislav Hejdánek,* 10. 5. 1927 Praha,† 28. 4. 2020 Praha
http://www.phil.muni.cz/fil/scf/komplet/heller.html,Jan Heller,* 22. 4. 1925 Plzeň,† 15. 1. 2008 Praha
http://www.phil.muni.cz/fil/scf/komplet/hemelk.html,Martin Hemelík,* 2. 1. 1957 Praha,
http://www.phil.muni.cz/fil/scf/komplet/hendri.html,Josef Hendrich,* 21. 2. 1888 Moravské Budějovice,† 5. 10. 1950 Praha
http://www.phil.muni.cz/fil/scf/komplet/hercik.html,Ferdinand Herčík,* 7. 5. 1905 Praha,† 20. 1. 1966 Brno
http://www.phil.muni.cz/fil/scf/komplet/hermch.html,Jiří Hermach,* 17. 6. 1912 Praha-Malá strana,† 5. 10. 2011
http://www.phil.muni.cz/fil/scf/komplet/herold.html,Vilém Herold,* 15. 9. 1933 Kraslice,† 10. 9. 2012
http://www.phil.muni.cz/fil/scf/komplet/hessen.html,Sergius Hessen,"* 16. 8. 1887 Usť Sysolsk (Rusko, Komi)",† 2. 7. 1950 Łódż
http://www.phil.muni.cz/fil/scf/komplet/hilari.html,Hilarius z Litoměřic,* asi 1412 Litoměřice,† 31. 12. 1468 České Budějovice
http://www.phil.muni.cz/fil/scf/komplet/hirnhm.html,Jeroným Hirnhaim,* 1637 Opava,† 1679 Hradisko u Olomouce
http://www.phil.muni.cz/fil/scf/komplet/hlavty.html,Václav Hlavatý,* 4. 8. 1842 Lomnice n. Popelkou,† 28. 11. 1910 Praha
http://www.phil.muni.cz/fil/scf/komplet/hlavek.html,Andrej Hlávek,* 26. 10. 1928 Paříž,† 31. 7. 1980 Bratislava
http://www.phil.muni.cz/fil/scf/komplet/hlavnk.html,Alois Hlavinka,* 1852 Věrovany u Tovačova,† 1930
http://www.phil.muni.cz/fil/scf/komplet/hlavon.html,Karel Hlavoň,* 21. 1. 1930 Brněnské Ivanovice,† 30. 7. 2009 Bílovice nad Svitavou
http://www.phil.muni.cz/fil/scf/komplet/hnik.html,František M. Hník,* 9. 2. 1905 Úpice,† 28. 4. 1962 Olomouc
http://www.phil.muni.cz/fil/scf/komplet/frant.html,"Filip Josef František,\\ hrabě \hbox z Hodic",,
http://www.phil.muni.cz/fil/scf/komplet/hodovs.html,Ivan Hodovský,* 13. 3. 1938 Brno,† 8. 4. 2009 Babice nad Svitavou
http://www.phil.muni.cz/fil/scf/komplet/hodza.html,Milan Hodža,* 1. 2. 1878 Sučany,† 27. 6. 1944 Clearwater (USA)
http://www.phil.muni.cz/fil/scf/komplet/hofler.html,Alois Höfler,* 6. 4. 1853 Kirchdorf,† 26. 12. 1922 Vídeň
http://www.phil.muni.cz/fil/scf/komplet/hogen.html,Anna Hogenová,"* 23. 10. 1946 Fláje, okr. Teplice",
http://www.phil.muni.cz/fil/scf/komplet/hoch.html,Alois Adalbert Hoch,* 3. 8. 1888 Stará Dobev,† 19. 9. 1978 Praha
http://www.phil.muni.cz/fil/scf/komplet/holan.html,Casimirus Holan,* 21. 4. 1671 Opava,† 23. 7. 1745 Mikulov
http://www.phil.muni.cz/fil/scf/komplet/holata.html,Ladislav Holata,"* 27. 11. 1932 Kouty, okr. Havlíčkův Brod",† 11. 4. 2007 Bratislava
http://www.phil.muni.cz/fil/scf/komplet/holzb.html,Ivana Holzbachová,* 30. 6. 1946 Hradec Králové,
http://www.phil.muni.cz/fil/scf/komplet/hoppe.html,Vladimír Hoppe,* 19. 8. 1882 Brno,† 3. 3. 1931 Praha
http://www.phil.muni.cz/fil/scf/komplet/horak.html,Petr Horák,* 5. 9. 1935 Brno,
http://www.phil.muni.cz/fil/scf/komplet/horsky.html,Jan Horský,"* 13. 4. 1940 Špinov, okr. Žďár nad Sázavou",† 29. 2. 2012 Brno
http://www.phil.muni.cz/fil/scf/komplet/horskz.html,Zdeněk Horský,* 11. 3. 1929 Praha,† 8. 5. 1988 Dvůr Králové n. Labem
http://www.phil.muni.cz/fil/scf/komplet/horyna.html,BĹ™etislav Horyna,* 8. 6. 1959 IvanÄŤice,
http://www.phil.muni.cz/fil/scf/komplet/hostin.html,Otakar Hostinský,* 2. 1. 1847 Martiněves,† 19. 1. 1910 Praha
http://www.phil.muni.cz/fil/scf/komplet/hosekr.html,Radislav Hošek,* 13. 3. 1922 Brno,† 27. 4. 2005
http://www.phil.muni.cz/fil/scf/komplet/houska.html,Jiří Houška,* 25. 8. 1923 Praha,
http://www.phil.muni.cz/fil/scf/komplet/hrab.html,Svatopluk Hrab,* 4. 3. 1921 Špičky u Přerova,† 24. 12. 1992 Hranice
http://www.phil.muni.cz/fil/scf/komplet/hrachv.html,František Hrachovský,"* 11. 9. 1879 Kněždub, okr. Hodonín",† 18. 1. 1943 Osvětim
http://www.phil.muni.cz/fil/scf/komplet/hrbek.html,Mojmír Hrbek,* 21. 9. 1924 Praha,† 15. 7. 1992 Praha
http://www.phil.muni.cz/fil/scf/komplet/hrejsa.html,Ferdinand Hrejsa,* 19. 1. 1867 Humpolec,† 5. 11. 1953 Praha
http://www.phil.muni.cz/fil/scf/komplet/hroch.html,Jaroslav Hroch,* 6. 5. 1947 Brno,† 17. 6. 2016 Brno
http://www.phil.muni.cz/fil/scf/komplet/hrmdka.html,Josef Lukl Hromádka,* 8. 6. 1889 Hodslavice,† 26. 12. 1969 Praha
http://www.phil.muni.cz/fil/scf/komplet/hron.html,Jakub Hron,* 4. 6. 1840 Metánov,† 29. 4. 1921 Metánov
http://www.phil.muni.cz/fil/scf/komplet/hruban.html,Jaroslav Hruban,* 27. 4. 1886 Valašské Klobouky,† 9. 7. 1934 Uherský Brod
http://www.phil.muni.cz/fil/scf/komplet/hruby.html,Karel Hrubý,* 9. 12. 1923 Plzeň,"† 6. 6. 2021 Basilej, Švýcarsko"
http://www.phil.muni.cz/fil/scf/komplet/hrubyp.html,Pavel Hrubý,"* 5. 5. 1914 Stochov, okr. Kladno",† 25. 6. 1994 Praha
http://www.phil.muni.cz/fil/scf/komplet/hrubyj.html,Řehoř Hrubý z Jelení,* ok. r. 1460,† asi 7. 3. 1514 Praha
http://www.phil.muni.cz/fil/scf/komplet/zikmhr.html,Zikmund Hrubý z Jelení,* 1497 Praha,† 1554 Basilej
http://www.phil.muni.cz/fil/scf/komplet/hrusov.html,Igor Hrušovský,* 14. 4. 1907 Bánovce nad Bebravou,† 18. 7. 1978 Bratislava
http://www.phil.muni.cz/fil/scf/komplet/hubik.html,Stanislav Hubík,* 21. 1. 1949 Kroměříž,
http://www.phil.muni.cz/fil/scf/komplet/hus.html,Jan Hus,* 1371 Husinec u Prachatic,† 6. 7. 1415 Konstanz (Kostnice)
http://www.phil.muni.cz/fil/scf/komplet/huserl.html,Edmund Husserl,* 8. 4. 1859 Prostějov,† 27. 4. 1938 Freiburg
http://www.phil.muni.cz/fil/scf/komplet/hybler.html,Martin Hybler,* 29. 4. 1951 Hradec Králové,
http://www.phil.muni.cz/fil/scf/komplet/hyna.html,Karel Ferdinand Hyna,* 2. 8. 1802 Lhota Kácovská u Vlašimi,† 3. 4. 1881 Stará Boleslav
http://www.phil.muni.cz/fil/scf/komplet/chalpc.html,Jindřich Chalupecký,* 12. 10. 1910 Praha,† 19. 6. 1990 Praha
http://www.phil.muni.cz/fil/scf/komplet/chalpn.html,Emanuel Chalupný,* 14. 12. 1879 Tábor,† 27. 5. 1958 Tábor
http://www.phil.muni.cz/fil/scf/komplet/chelck.html,Petr Chelčický,* kolem 1390,† asi před 1460
http://www.phil.muni.cz/fil/scf/komplet/chladk.html,Jiljí (Aegidius) Chládek,* 23. 8. 1743 Praha,† 29. 1. 1806 Praha
http://www.phil.muni.cz/fil/scf/komplet/chlup.html,Otokar Chlup,* 30.  8.  1875  Boskovice,† 14. 5. 1965 Praha
http://www.phil.muni.cz/fil/scf/komplet/chudob.html,Bohdan Chudoba,* 21. 11. 1909 Brno,† 2. 1. 1982 Madrid
http://www.phil.muni.cz/fil/scf/komplet/chvati.html,Ivan Chvatík,* 15. 9. 1941 Olomouc,
http://www.phil.muni.cz/fil/scf/komplet/chvatk.html,Květoslav Chvatík,* 19. 1. 1930 Bystřice pod Hostýnem,† 18. 1. 2012 Kostnice
http://www.phil.muni.cz/fil/scf/komplet/jahn.html,Jiljí Jahn,* 19. 6. 1883 Plzeň,† 21. 6. 1947 Plzeň
http://www.phil.muni.cz/fil/scf/komplet/jakbks.html,Jakoubek Václavův ze Stříbra,* asi 1371–1373,† po 1429
http://www.phil.muni.cz/fil/scf/komplet/jakovn.html,Boris Jakovenko,* 5. 6. 1884 S.-Peterburg,† 16. 1. 1949 Praha
http://www.phil.muni.cz/fil/scf/komplet/jakubm.html,Jakub Matějův ze Soběslavi,,
http://www.phil.muni.cz/fil/scf/komplet/jakmol.html,Jakub z Moldy,* 14.–15. století,
http://www.phil.muni.cz/fil/scf/komplet/janel.html,Jan Eliášův z Horšovského Týna,*  asi 1428,
http://www.phil.muni.cz/fil/scf/komplet/janfr.html,Jan (Fraňkův) z Berouna,* 14.–15. století,
http://www.phil.muni.cz/fil/scf/komplet/janher.html,Jan Heřmanův z Kralovic,,
http://www.phil.muni.cz/fil/scf/komplet/janjak.html,Jan Jakubův z Novosedlic,* 14.–15. stol.,
http://www.phil.muni.cz/fil/scf/komplet/kardin.html,Jan Kardinál z Rejnštejna,* 14.–15. století,
http://www.phil.muni.cz/fil/scf/komplet/janrab.html,Jan Mladší z Rabštejna,* 1437,† 18. 11. 1473 Budín
http://www.phil.muni.cz/fil/scf/komplet/janpro.html,Jan Protiva z Nové Vsi,,
http://www.phil.muni.cz/fil/scf/komplet/scolas.html,Jan Scholastik,* ok. 1170,† 1. 9. 1236 Praha
http://www.phil.muni.cz/fil/scf/komplet/janste.html,Jan Štěkna,* 14.–15. století,
http://www.phil.muni.cz/fil/scf/komplet/janvav.html,Jan Vavřincův z Bzence (Račic),* 14.–15. století,
http://www.phil.muni.cz/fil/scf/komplet/janbor.html,Jan z Borotína,,
http://www.phil.muni.cz/fil/scf/komplet/janzhr.html,Jan z Hradce (Králové),* 14.–15. století,
http://www.phil.muni.cz/fil/scf/komplet/janjem.html,Jan z Jemnice,* 15. století,
http://www.phil.muni.cz/fil/scf/komplet/janjns.html,Jan z Jenštejna,* 27. 12. 1350 Jenštejn,† 17. 6. 1400 Řím
http://www.phil.muni.cz/fil/scf/komplet/janjes.html,Jan z Jesenice,,
http://www.phil.muni.cz/fil/scf/komplet/janjic.html,Jan z Jičína,,
http://www.phil.muni.cz/fil/scf/komplet/janmyt.html,Jan z Mýta,*  1405,
http://www.phil.muni.cz/fil/scf/komplet/janpri.html,Jan z Příbrami,* asi 1387 Příbram,† 20. 12. 1448 Praha
http://www.phil.muni.cz/fil/scf/komplet/janpus.html,Jan z Pustiměře,,
http://www.phil.muni.cz/fil/scf/komplet/janris.html,Jan z Říště,* 14.–15. století,
http://www.phil.muni.cz/fil/scf/komplet/janstr.html,Jan ze Středy,* asi 1310 Vysoké Mýto,† 23. 10. 1380
http://www.phil.muni.cz/fil/scf/komplet/janzel.html,Jan Želivský,,
http://www.phil.muni.cz/fil/scf/komplet/janka.html,Karel Janáček,* 22. 9. 1906 Brno,† 14. 2. 1996 Brno
http://www.phil.muni.cz/fil/scf/komplet/janak.html,Vladimír Janák,"* 2. 3. 1927 Prusy, okr. Přerov",
http://www.phil.muni.cz/fil/scf/komplet/janat.html,Bohumír Janát,*   7. 11. 1949 Tábor,† 29. 11. 1998
http://www.phil.muni.cz/fil/scf/komplet/jandik.html,Karel Jandík,* 7. 1. 1695 Litomyšl,† 24. 12. 1756 Mikulov
http://www.phil.muni.cz/fil/scf/komplet/javurk.html,Zdeněk Javůrek,* 11. 5. 1930 Svalava (Podkarpatská Rus),
http://www.phil.muni.cz/fil/scf/komplet/jelink.html,Tobias Thomas Jelínek,* 19. 2. 1668 Litomyšl,† 16. 5. 1720 Rychnov nad Kněžnou
http://www.phil.muni.cz/fil/scf/komplet/jenek.html,Jenek Václavův z Prahy,,
http://www.phil.muni.cz/fil/scf/komplet/jenist.html,Ladislav Jeništa,* 15. 12. 1873 Brandýs nad Labem,† 19. 3. 1965 Vysoké Mýto
http://www.phil.muni.cz/fil/scf/komplet/jermar.html,Jaromír Jermář,* 10. 7. 1922 Frenštát p. Radhoštěm,† 10. 10. 2010
http://www.phil.muni.cz/fil/scf/komplet/jeronp.html,Jeroným Pražský,* asi 1367,† 30. 5. 1416 Kostnice
http://www.phil.muni.cz/fil/scf/komplet/jerpr.html,Jeroným Pražský (mnich),* ok. 1370 Praha,† 17. 7. 1440 Benátky
http://www.phil.muni.cz/fil/scf/komplet/jerusa.html,Wilhelm Jerusalem,* 11. 10. 1854 Dřenice u Chrudimi,† 15. 7. 1923 Vídeň
http://www.phil.muni.cz/fil/scf/komplet/jesnis.html,Jan Jesenský,* 1566 Vratislav,† 21. 6. 1621 Praha
http://www.phil.muni.cz/fil/scf/komplet/jeschk.html,Josef Bürg Jeschke,* 9. 9. 1902 Žďárky u Náchoda,† 23. 9. 1977 Praha
http://www.phil.muni.cz/fil/scf/komplet/jezc.html,Cyril Jež,* 27. 6. 1876 Kojetín,† 22. 9. 1930 Velehrad
http://www.phil.muni.cz/fil/scf/komplet/jicin.html,Rudolf Jičín,* 19. 3. 1933 Hradec Králové,†   9. 8. 2011 Vimperk
http://www.phil.muni.cz/fil/scf/komplet/jindr.html,Jindřich z Isernie,,
http://www.phil.muni.cz/fil/scf/komplet/jirku.html,Petr Jirků,* 10. 10. 1942 Velké Zboží u Poděbrad,†   5. 8. 2017
http://www.phil.muni.cz/fil/scf/komplet/jodl.html,Friedrich Jodl,* 23. 8. 1849 Mnichov,† 26. 1. 1914 Vídeň
http://www.phil.muni.cz/fil/scf/komplet/jozif.html,Otokar Jozífek,* 1872 Kly u Mělníka,† 5. 10. 1919 Praha
http://www.phil.muni.cz/fil/scf/komplet/jungmn.html,Josef Jungmann,* 16. 7. 1773 Hudlice u Berouna,† 14. 11. 1847 Praha
http://www.phil.muni.cz/fil/scf/komplet/juzl.html,Miloš Jůzl,* 20. 5. 1928 Nová Olešná,† 13. 6. 1996 Chřibská u Děčína
http://www.phil.muni.cz/fil/scf/komplet/kabes.html,Jaroslav Kabeš,* 18. 5. 1896 Tábor,† 15. 8. 1964 Praha
http://www.phil.muni.cz/fil/scf/komplet/kader.html,Eugen Kadeřávek,* 26. 7. 1840 Německý (dnes Havlíčkův) Brod,† 3. 5. 1922 Praha
http://www.phil.muni.cz/fil/scf/komplet/kadner.html,Otakar Kádner,* 11. 5. 1870 Úhonice,† 6. 5. 1936 Poděbrady
http://www.phil.muni.cz/fil/scf/komplet/kafka.html,Franz Kafka,* 3. 7. 1883 Praha,† 3. 6. 1924 Kierling (Rakousko)
http://www.phil.muni.cz/fil/scf/komplet/kachjo.html,Josef Kachník,* 13. 5. 1859 Nivnice u Uherského Brodu,† 3. 12. 1940 Praha
http://www.phil.muni.cz/fil/scf/komplet/kaizl.html,Josef Kaizl,* 10. 6. 1854 Volyně,† 19. 8. 1901 Myškovice
http://www.phil.muni.cz/fil/scf/komplet/kajpr.html,Adolf Kajpr,* 5. 7. 1902 Hředle-Horovice,† 17. 9. 1959 Leopoldov
http://www.phil.muni.cz/fil/scf/komplet/kalndr.html,Záviš Kalandra,* 10.  11.  1902 Frenštát pod Radhoštěm,† 27. 6. 1950 Praha
http://www.phil.muni.cz/fil/scf/komplet/kalist.html,Zdeněk Kalista,* 22. 7. 1900 Benátky nad Jizerou,† 17. 6. 1982 Praha
http://www.phil.muni.cz/fil/scf/komplet/kalivo.html,Robert Kalivoda,* 1. 12. 1923 Praha,† 6. 12. 1989 sanatorium na Pleši
http://www.phil.muni.cz/fil/scf/komplet/kallab.html,Jaroslav Kallab,* 24. 6. 1879 Nové Město na Moravě,† 10. 2. 1942 Brno
http://www.phil.muni.cz/fil/scf/komplet/kalous.html,Josef Kalousek,* 2. 4. 1838 Vamberk,† 22. 11. 1915 Praha
http://www.phil.muni.cz/fil/scf/komplet/kamarj.html,Jan Kamarýt,"* 16. 2. 1927 Sedlice, okr. Benešov",† 8. 11. 2000
http://www.phil.muni.cz/fil/scf/komplet/kamryt.html,Stanislav Kamarýt,"* 10. 11. 1883 Velešín, okr. Český Krumlov",† 30. 7. 1956 Havlíčkův Brod
http://www.phil.muni.cz/fil/scf/komplet/kanak.html,Miloslav Kaňák,* 17. 2. 1917 Bakov nad Jizerou,† 24. 1. 1985 Praha
http://www.phil.muni.cz/fil/scf/komplet/kansky.html,Jiří Kánský,* 16. 4. 1930 Praha,† 24. 10. 1999
http://www.phil.muni.cz/fil/scf/komplet/kapras.html,Jan Nepomuk Kapras,* 25. 5. 1847 Řehoty u Prahy,† 15. 6. 1931 Bydžov
http://www.phil.muni.cz/fil/scf/komplet/kara.html,Karel Kára,* 4. 2. 1923 Záluží u Mostu,† léto 1988 Praha
http://www.phil.muni.cz/fil/scf/komplet/karel.html,Karel IV.,* 14. 5. 1316 Praha,† 29. 11. 1378 Praha
http://www.phil.muni.cz/fil/scf/komplet/karfik.html,Filip Karfík,* 6. 4. 1963 Praha,
http://www.phil.muni.cz/fil/scf/komplet/karfle.html,Lenka Karfíková,* 11. 2. 1963 Praha,
http://www.phil.muni.cz/fil/scf/komplet/kastil.html,Alfred Kastil,* 1874 Graz,† 1950 Innsbruck
http://www.phil.muni.cz/fil/scf/komplet/katkov.html,Georg Katkov,* 27. 11. 1903 Moskva,
http://www.phil.muni.cz/fil/scf/komplet/kaulch.html,Wilhelm Kaulich,* 1819 Teplice nad Metují,† 1881 Graz
http://www.phil.muni.cz/fil/scf/komplet/kautm.html,František Kautman,* 8. 1. 1927 České Budějovice,† 18. 6. 2016 Praha
http://www.phil.muni.cz/fil/scf/komplet/kelsen.html,Hans Kelsen,* 11. 10. 1881 Praha,† 19. 4. 1973 Berkeley (USA)
http://www.phil.muni.cz/fil/scf/komplet/kepler.html,Jan Kepler,* 28. 12. 1571 Weil der Stadt,† 15. 11. 1630 Regensburg
http://www.phil.muni.cz/fil/scf/komplet/kizvet.html,Alexander Kizevetter,* 22. 5. 1866 S.-Peterburg,† 7. 1. 1933 Praha
http://www.phil.muni.cz/fil/scf/komplet/klacel.html,František Matouš Klácel,* 7. 4. 1808 Česká Třebová,† 17. 3. 1882 Belle Plaine (USA)
http://www.phil.muni.cz/fil/scf/komplet/klima.html,Ladislav Klíma,* 22. 8. 1878 Domažlice,† 19. 4.  1928 Praha
http://www.phil.muni.cz/fil/scf/komplet/klofac.html,Jaroslav Klofáč,* 16. 9. 1921 Praha,† 15. 8. 1981 Praha
http://www.phil.muni.cz/fil/scf/komplet/knitel.html,Kašpar Knittel,* 7. 2. 1644 Kladsko,† 11. 12. 1702 Telč
http://www.phil.muni.cz/fil/scf/komplet/kodicl.html,Petr Kodicill z Tulechova,* 24. 2. 1533 Sedlčany,† 29. 10. 1589 Praha
http://www.phil.muni.cz/fil/scf/komplet/kohak.html,Erazim Kohák,* 21. 5. 1933 Praha,†  8. 2. 2020 Praha
http://www.phil.muni.cz/fil/scf/komplet/kohn.html,Jindřich Kohn,* 7. 3. 1874 Příbram,† 12. 3. 1935 Praha
http://www.phil.muni.cz/fil/scf/komplet/kolar.html,Petr Kolář,* 2. 12. 1961 Olomouc,
http://www.phil.muni.cz/fil/scf/komplet/kolrsk.html,Rudolf Kolářský,* 2. 9. 1945 Týniště n. Orlicí,
http://www.phil.muni.cz/fil/scf/komplet/kolda.html,Kolda z Koldic,* mezi 1265–75,† mezi 1323–27
http://www.phil.muni.cz/fil/scf/komplet/kollar.html,Karol Kollár,* 25. 1. 1948 Bratislava,† 14. 7. 2018 Bratislava
http://www.phil.muni.cz/fil/scf/komplet/kolman.html,Arnošt Kolman,* 6. 12. 1892 Praha,† 22. 1. 1979 Stockholm
http://www.phil.muni.cz/fil/scf/komplet/komark.html,Božena Komárková,* 28. 1. 1903 Tišnov,† 27. 1. 1997 Brno
http://www.phil.muni.cz/fil/scf/komplet/komens.html,Jan Amos Komenský,* 28. 3. 1592 Nivnice nebo Uherský Brod,† 15. 11. 1670 Amsterodam
http://www.phil.muni.cz/fil/scf/komplet/konac.html,Mikuláš Konáč z Hodiškova,* asi 1480 Hodiškov u Nového Města na Moravě,† 13. 4. 1546 Praha
http://www.phil.muni.cz/fil/scf/komplet/konecn.html,František Konečný,* 24. 8. 1910 Břest u Hulína,† 5. 7. 1989 Břest u Hulína
http://www.phil.muni.cz/fil/scf/komplet/konecr.html,Robert Konečný,* 23. 4. 1906 Brno,† 15. 10. 1981 Brno
http://www.phil.muni.cz/fil/scf/komplet/konrad.html,Kurt Konrad,* 15. 10. 1908 Třebíč,† 25. 9. 1941 Drážďany
http://www.phil.muni.cz/fil/scf/komplet/waldh.html,Konrád Waldhauser,* asi 1320,† 8. 12. 1369 Praha
http://www.phil.muni.cz/fil/scf/komplet/konstc.html,Konstantin (Cyril),* asi 827 Soluň,† 14. 2. 869 Řím
http://www.phil.muni.cz/fil/scf/komplet/kopcok.html,Andrej Kopčok,* 15. 5. 1928 Báčsky Petrovec (Juhoslávia),† 2008
http://www.phil.muni.cz/fil/scf/komplet/kops.html,Jaromír Kops,* 25. 5. 1933 Bohdašín,† 8. 2. 1989 Bratislava
http://www.phil.muni.cz/fil/scf/komplet/kopsov.html,Raisa Kopsová,* 1. 2. 1936 Ussurijsk (ZSSR – Rusko),
http://www.phil.muni.cz/fil/scf/komplet/kordac.html,František Kordač,* 11. 1. 1852 Šeletice u Mladé Boleslavi,† 26. 4. 1934 Praha
http://www.phil.muni.cz/fil/scf/komplet/korec.html,Jan Korec,* 27. 12. 1856 Protivanov,† 16. 7. 1913 Urbanov u Telče
http://www.phil.muni.cz/fil/scf/komplet/koren.html,Jozef Koreň,* 7. 12. 1887 Ružomberok,† 15. 7. 1969 Prešov
http://www.phil.muni.cz/fil/scf/komplet/kornel.html,Viktorin Kornel ze Všehrd,* 1460 Chrudim,† 21. 9. 1520 Praha
http://www.phil.muni.cz/fil/scf/komplet/korink.html,Alois Kořínek,* 16. 4. 1914 Kostelany u Kroměříže,† 15. 7. 1969 Campo Verano (Řím)
http://www.phil.muni.cz/fil/scf/komplet/kornkj.html,Jan Kořínek,* 12. 2. 1626 Čáslav,† 12. 8. 1680 Praha
http://www.phil.muni.cz/fil/scf/komplet/kosik.html,Karel Kosík,* 26. 6. 1926 Praha,† 21. 2. 2003
http://www.phil.muni.cz/fil/scf/komplet/kosin.html,Jan Evangelista Kosina,* 22. 12. 1827 Josefov,† 10. 12. 1899 Olomouc
http://www.phil.muni.cz/fil/scf/komplet/kosmas.html,Kosmas,* asi 1045,† 21. 10. 1125 Praha
http://www.phil.muni.cz/fil/scf/komplet/kostlc.html,Václav Ignác Kostelecký,* mezi 1634–38 Hradec Králové,† 29. 4. 1681 Mikulov
http://www.phil.muni.cz/fil/scf/komplet/kottko.html,Petr Koťátko,* 12. 1. 1955 Brno,
http://www.phil.muni.cz/fil/scf/komplet/kotik.html,Antonín Kotík,* 16. 11. 1840 Nová Paka,† 6. 2. 1919 Nová Paka
http://www.phil.muni.cz/fil/scf/komplet/kouba.html,Pavel Kouba,* 23. 4. 1953 Písek,
http://www.phil.muni.cz/fil/scf/komplet/kourim.html,Zdeněk Kouřím,* 14. 7. 1932 Náchod,
http://www.phil.muni.cz/fil/scf/komplet/kozkjb.html,Jan Blahoslav Kozák,* 4. 8. 1888 Čáslav,† 9. 1. 1974 Praha
http://www.phil.muni.cz/fil/scf/komplet/kozlow.html,Wladysłav Mieczysław Kozłowski,* 17. 11. 1858 Kyjev,† 25. 4. 1935 Konstancin u Varšavy
http://www.phil.muni.cz/fil/scf/komplet/kozmin.html,Zdeněk Kožmín,"* 28. 2. 1925 Hněvice, okr. Litoměřice",† 12. 11. 2007 Brno
http://www.phil.muni.cz/fil/scf/komplet/kralj.html,Josef Král,* 31. 10. 1882 Peřimov u Turnova,† 22. 2. 1978 Praha
http://www.phil.muni.cz/fil/scf/komplet/kral-m.html,Miloslav Král,* 5. 4. 1930 Starý Samechov,† 2018
http://www.phil.muni.cz/fil/scf/komplet/kramro.html,Oldřich Kramář,* 16. 6. 1848 Vysoké nad Jizerou,† 18. 4. 1924 Praha
http://www.phil.muni.cz/fil/scf/komplet/krmris.html,Matěj Václav Kramerius,* 9. 2. 1753 Klatovy,† 22. 3. 1808 Praha
http://www.phil.muni.cz/fil/scf/komplet/krasnc.html,Vavřinec Krasonický,* asi 1460 Krasonice (záp. Morava),† 1532
http://www.phil.muni.cz/fil/scf/komplet/kratna.html,Ferdinand Kratina,* 7. 5. 1885 Brno,† 14. 12. 1944 Brno
http://www.phil.muni.cz/fil/scf/komplet/krat-a.html,Antonín Kratochvil,* 31. 8. 1924 Brno,† 11. 12. 2004 Mnichov
http://www.phil.muni.cz/fil/scf/komplet/kratj.html,Josef Kratochvil,* 9. 3. 1882 Dolní Kounice,† 7. 4. 1940 Brno
http://www.phil.muni.cz/fil/scf/komplet/kratzd.html,Zdeněk Kratochvíl,* 30. 10. 1950 Brno,
http://www.phil.muni.cz/fil/scf/komplet/kraus.html,Oskar Kraus,* 20. 4. 1874 Praha,† 1942 Londýn
http://www.phil.muni.cz/fil/scf/komplet/krejfr.html,František Krejčí,* 21. 8. 1858 Hostinné,† 24. 5. 1934 Praha
http://www.phil.muni.cz/fil/scf/komplet/krejfv.html,František Václav Krejčí,* 4. 10. 1867 Česká Třebová,† 30. 9. 1941 Praha
http://www.phil.muni.cz/fil/scf/komplet/krejcj.html,Jaroslav Krejčí,* 13. 2. 1916 Polešovice u Uherského Hradiště,"† 16. 2. 2014 Lancaster, Velká Británie"
http://www.phil.muni.cz/fil/scf/komplet/krejcr.html,Rudolf Krejčí,* 4. 3. 1929 Hrušky u Břeclavi,"† 9. 12. 2018 Fairbanks, Aljaška, USA"
http://www.phil.muni.cz/fil/scf/komplet/krob.html,Josef Krob,* 9. 12. 1956 Žďár nad Sázavou,
http://www.phil.muni.cz/fil/scf/komplet/kronsk.html,Tadeusz Juliusz Wacław Kro\' n,* 14. 7. 1907 Varšava,† 6. 6. 1958 Varšava
http://www.phil.muni.cz/fil/scf/komplet/kroupa.html,Daniel Kroupa,* 6. 1. 1949 Plzeň,
http://www.phil.muni.cz/fil/scf/komplet/krups.html,Samuel Krupský,* 7. 10. 1646 Praha,† 21. 4. 1697 Jičín
http://www.phil.muni.cz/fil/scf/komplet/kristp.html,Křišťan z Prachatic,* po 1360,† 1439
http://www.phil.muni.cz/fil/scf/komplet/krivsk.html,Pavel Křivský,* 12. 11. 1912 Bílek u Chotěboře,† 15. 12. 1989
http://www.phil.muni.cz/fil/scf/komplet/kriz.html,Antonín Kříž,* 25. 3. 1889 Nemotice u Koryčan,† 2. 4. 1965 Brno
http://www.phil.muni.cz/fil/scf/komplet/kriznc.html,Jaroslav Kříženecký,* 2. 3. 1896 Praha,† 26. 12. 1964 Brno
http://www.phil.muni.cz/fil/scf/komplet/kubes.html,Vladimír Kubeš,* 19. 7. 1908 Brno,† 14. 11. 1988 Brno
http://www.phil.muni.cz/fil/scf/komplet/kucera.html,Zdeněk Kučera,* 30. 3. 1930 Bratislava,† 15. 6. 2019
http://www.phil.muni.cz/fil/scf/komplet/kucirk.html,Jiří Kučírek,* 11. 3. 1948 Brno,
http://www.phil.muni.cz/fil/scf/komplet/kudrna.html,Jaroslav Kudrna,* 31. 10. 1926 Vlkanov,† 25. 3. 1996 Brno
http://www.phil.muni.cz/fil/scf/komplet/kuchar.html,Ivan Kuchár,* 9. 8. 1932 Žarnovica,† 13. 4. 1998 Praha
http://www.phil.muni.cz/fil/scf/komplet/kuna.html,Ivan Kuna,* 23. 9. 1930 Plzeň,† 17. 7. 2019 Plzeň
http://www.phil.muni.cz/fil/scf/komplet/kunes.html,Kuneš z Třebovle,* mezi 1340–45,† asi 1397
http://www.phil.muni.cz/fil/scf/komplet/kunstv.html,Otakar Kunstovný,* 13. 7. 1884 Jindřichův Hradec,† 9. 9. 1945 Praha
http://www.phil.muni.cz/fil/scf/komplet/kunte.html,Ladislav Kunte,"* 22. 4. 1874 Čestín, okr. Kutná Hora",† 19. 4. 1945 Straubing (Německo)
http://www.phil.muni.cz/fil/scf/komplet/kvet.html,František Bolemír Květ,* 4. 4. 1825 Tábor,† 18. 7. 1864 Varšava
http://www.phil.muni.cz/fil/scf/komplet/kybalv.html,Vlastimil Kybal,* 30. 5. 1880 Černochov u Loun,† 2. 1. 1958 Washington
http://www.phil.muni.cz/fil/scf/komplet/kypry.html,Vladimír Kyprý,* 6. 2. 1954 Dačice,
http://www.phil.muni.cz/fil/scf/komplet/lahulk.html,Zdeněk Lahulek-Faltys,* 29. 1. 1894 Pardubice,† 29. 4. 1962 Praha
http://www.phil.muni.cz/fil/scf/komplet/laiberg.html,Karel Laiberg,* 1. 4. 1844,† 31. 12. 1917 Paříž
http://www.phil.muni.cz/fil/scf/komplet/laicht.html,Jan Laichter,* 28. 12. 1858 Dobruška,† 31. 10. 1946 Praha
http://www.phil.muni.cz/fil/scf/komplet/lajcia.html,Ján Lajčiak,* 26. 7. 1875 Pribylina,† 28. 10. 1918 Vyšná Boca
http://www.phil.muni.cz/fil/scf/komplet/langa.html,Alois Lang,* 12. 6. 1869 Držovice u Prostějova,† 6. 5. 1957 Prostějov
http://www.phil.muni.cz/fil/scf/komplet/lapsin.html,Ivan Lapšin,* 24. 10. 1870 Moskva,† 17. 11. 1952 Praha
http://www.phil.muni.cz/fil/scf/komplet/laskav.html,Václav Láska,* 24. 8. 1862 Praha,† 27. 7. 1943 Řevnice
http://www.phil.muni.cz/fil/scf/komplet/lasek.html,Jan Blahoslav Lášek,* 20. 7. 1956 Jaroměř,
http://www.phil.muni.cz/fil/scf/komplet/lenz.html,Antonín Lenz,* 20. 2. 1829 Bartlov u Netolic,† 2. 10. 1901 Praha
http://www.phil.muni.cz/fil/scf/komplet/leonh.html,Hermann Karl von Leonhardi,* 1809 Frankfurt n. M.,† 1875 Praha
http://www.phil.muni.cz/fil/scf/komplet/lepar.html,Jan Lepař,* 16. 5. 1827 Lipňany u Přerova,† 1. 7. 1902 Praha
http://www.phil.muni.cz/fil/scf/komplet/lepka.html,Antonín Lepka,* 9. 6. 1905 Kunštát,† 13. 3. 1990 Hradiště u Znojma
http://www.phil.muni.cz/fil/scf/komplet/lepin.html,Zdeněk Leppin,* 11. 3. 1932 Praha,
http://www.phil.muni.cz/fil/scf/komplet/lesko.html,Vladimír Leško,* 15. 3. 1950 Prešov,
http://www.phil.muni.cz/fil/scf/komplet/likwec.html,Josef Kalasanský Likawetz,* 25. 11. 1773 Žinkovy u Přeštic,† 13. 1. 1850 Lublaň
http://www.phil.muni.cz/fil/scf/komplet/lindnr.html,Gustav Adolf Lindner,* 11. 3. 1828 Rožďalovice,† 16. 10. 1887 Praha-Královské Vinohrady
http://www.phil.muni.cz/fil/scf/komplet/linhrf.html,František Linhart,* 7. 10. 1882 Kracovice u Třebíče,† 18. 4. 1959 Praha
http://www.phil.muni.cz/fil/scf/komplet/linhrt.html,Karel Linhart,* 1. 12. 1932 Zelená Lhota u Železné Rudy,
http://www.phil.muni.cz/fil/scf/komplet/liprt.html,Julius Lippert,* 12. 4. 1839 Broumov,† 12. 11. 1909 Praha
http://www.phil.muni.cz/fil/scf/komplet/lobkow.html,Mikuláš Lobkowicz,* 9. 7. 1931 Praha,
http://www.phil.muni.cz/fil/scf/komplet/lewnst.html,Bedřich Loewenstein,* 20. 6. 1929 Praha,
http://www.phil.muni.cz/fil/scf/komplet/lochm.html,Jan Milič Lochman,* 3. 4. 1922 Nové Město nad Metují,† 21. 1. 2004 Basilej
http://www.phil.muni.cz/fil/scf/komplet/lomnck.html,Šimon Lomnický z Budče,* 1552 Lomnice nad Lužnicí,† 1623 Praha
http://www.phil.muni.cz/fil/scf/komplet/lrnzov.html,Helena Lorenzová,* 13. 5. 1945 Praha,
http://www.phil.muni.cz/fil/scf/komplet/loskot.html,František Loskot,* 9. 2. 1870 Vraclav (u Vysokého Mýta),† 16. 2. 1932 Praha
http://www.phil.muni.cz/fil/scf/komplet/loskij.html,Nikolaj Losskij,* 24. 11 1870 Kreslavka (Bělorusko),† 24. 1. 1965 Paříž
http://www.phil.muni.cz/fil/scf/komplet/loukot.html,Jiří Loukotka,* 3. 2. 1925 Mirotice,† 11. 11. 1981 Brno
http://www.phil.muni.cz/fil/scf/komplet/louzil.html,Jaromír Loužil,* 8. 1. 1926 Jaroměř,† 1. 8. 2013
http://www.phil.muni.cz/fil/scf/komplet/louzlo.html,Olga Loužilová,* 22. 7. 1929 Praha,† 1. 9. 2018 Holice
http://www.phil.muni.cz/fil/scf/komplet/loew.html,Rabi Löw,* 1512,† 1609 Praha
http://www.phil.muni.cz/fil/scf/komplet/loewe.html,Johann Heinrich Löwe,* 1808 Praha,† 1892 Praha
http://www.phil.muni.cz/fil/scf/komplet/ludvik.html,Jaroslav Ludvíkovský,* 4. 6. 1895 Střelské Hoštice u Horažďovic,† 23. 10. 1984 Brno
http://www.phil.muni.cz/fil/scf/komplet/macku.html,Jan Macků,* 24. 5. 1919 Brno,† 28. 9. 1983 Brno
http://www.phil.muni.cz/fil/scf/komplet/madr.html,Oto Mádr,* 15. 2. 1917 Praha,† 27. 2. 2011 Praha
http://www.phil.muni.cz/fil/scf/komplet/magni.html,Valerián Magni,* 1586 Milán,† 29. 7. 1661 Salcburk
http://www.phil.muni.cz/fil/scf/komplet/mach.html,Ernst Mach,* 18. 2. 1838 Chrlice u Brna,† 19. 2. 1916 Haar u Mnichova
http://www.phil.muni.cz/fil/scf/komplet/macha.html,Karel Mácha,* 2. 1. 1931 Dírná u Soběslavi,
http://www.phil.muni.cz/fil/scf/komplet/machkh.html,Karel Hynek Mácha,* 16. 11. 1810 Praha,† 6. 11.  1836 Litoměřice
http://www.phil.muni.cz/fil/scf/komplet/machjs.html,Josef Macháček,* 4. 12. 1917 Brno,† 12. 7. 1984 Brno
http://www.phil.muni.cz/fil/scf/komplet/machek.html,Matěj Machek,* 18. 1. 1795 Poděčely u Chroustovic,† 11. 12. 1862 Lhota u Chroustovic
http://www.phil.muni.cz/fil/scf/komplet/machot.html,Otakar Machotka,* 29. 11. 1899 Praha,† 29. 7. 1970 Endicott (USA)
http://www.phil.muni.cz/fil/scf/komplet/mach-d.html,Dušan Machovec,* 12. 1. 1929 Praha,† 20. 4. 2005
http://www.phil.muni.cz/fil/scf/komplet/mach-m.html,Milan Machovec,* 23. 8. 1925 Praha,† 15. 1. 2003 Praha
http://www.phil.muni.cz/fil/scf/komplet/major.html,Ladislav Major,* 27. 5. 1935 Budapešt,† 22. 7. 2019 
http://www.phil.muni.cz/fil/scf/komplet/makov.html,Emanuel Makovička,* 7. 11. 1851 Praha,† 4. 6. 1890 Beroun
http://www.phil.muni.cz/fil/scf/komplet/maly.html,Jakub Josef Dominik Malý,* 4. 8. 1811 Praha,† 7. 3. 1885 Praha
http://www.phil.muni.cz/fil/scf/komplet/malyri.html,Rudolf Ina Malý,* 17. 4. 1889 Staré Ždánice u Pardubic,† 13. 4. 1965 Praha
http://www.phil.muni.cz/fil/scf/komplet/marcel.html,Miroslav Marcelli,* 7. 9. 1947 Žilina,
http://www.phil.muni.cz/fil/scf/komplet/marcus.html,Jan Marcus Marci,* 13. 6. 1595 Lanškroun,† 10. 4. 1667 Praha
http://www.phil.muni.cz/fil/scf/komplet/marek.html,Antonín Marek,* 5. 9. 1785 Turnov,† 15. 2. 1877 Praha
http://www.phil.muni.cz/fil/scf/komplet/marekj.html,Jaroslav Marek,* 27. 11. 1926 Nitra,† 18. 12. 2011 Brno
http://www.phil.muni.cz/fil/scf/komplet/maresf.html,František Mareš,* 20. 10. 1857 Opatovice u Hluboké nad Vltavou,† 6. 2. 1942 Hluboká nad Vltavou
http://www.phil.muni.cz/fil/scf/komplet/markal.html,Bohumil Markalous,* 16. 4. 1882 Klatovy,† 24. 4. 1952 Jaroměř
http://www.phil.muni.cz/fil/scf/komplet/martku.html,Martin Kunšův z Prahy,* 14.–15. století,
http://www.phil.muni.cz/fil/scf/komplet/lupac.html,Martin Lupáč,,
http://www.phil.muni.cz/fil/scf/komplet/martin.html,Martin z Hořepníka,* 15. století,
http://www.phil.muni.cz/fil/scf/komplet/martkl.html,Martin z Klatov,* 1498 Klatovy,† 24. 6. 1555 Klatovy
http://www.phil.muni.cz/fil/scf/komplet/martpl.html,Martin z Plzně,* 14. století,
http://www.phil.muni.cz/fil/scf/komplet/martnk.html,Jaroslav Martinka,* 29. 4. 1930 Strkovice,† 2. 9. 2013 Bratislava
http://www.phil.muni.cz/fil/scf/komplet/marty.html,Anton Marty,* 18. 10. 1847 Schwyz,† 1. 10. 1914 Praha
http://www.phil.muni.cz/fil/scf/komplet/marsia.html,Martin Marušiak,* 30. 1. 1931 Hybe,† 2005
http://www.phil.muni.cz/fil/scf/komplet/marrva.html,Mařík Rvačka,* 14.–15. století,
http://www.phil.muni.cz/fil/scf/komplet/marben.html,Mařík z Benešova,* 15. století,
http://www.phil.muni.cz/fil/scf/komplet/masar.html,Tomáš Garrigue Masaryk,* 7. 3. 1850 Hodonín,† 14. 9. 1937 Lány u Prahy
http://www.phil.muni.cz/fil/scf/komplet/masard.html,Rudolf Máša,* 7. 4. 1880 Kněževes u Rakovníka,
http://www.phil.muni.cz/fil/scf/komplet/masat.html,Antonín Mašát,* 18. 11. 1692 Pacov,† 1. 2. 1747 Lipník nad Bečvou
http://www.phil.muni.cz/fil/scf/komplet/matbyd.html,Matěj z Bydžova,* 14.–15. století,
http://www.phil.muni.cz/fil/scf/komplet/matjan.html,Matěj z Janova,* mezi 1350–55 Janov u Mladé Vožice,† 30. 11. 1393 Praha
http://www.phil.muni.cz/fil/scf/komplet/matzkn.html,Matěj z Knína,,
http://www.phil.muni.cz/fil/scf/komplet/matej.html,Matěj z Pelhřimova,* 15.–16. století,
http://www.phil.muni.cz/fil/scf/komplet/matpob.html,Matěj z Poběžovic,* 14.–15. století,
http://www.phil.muni.cz/fil/scf/komplet/mat-m.html,Miloš Materna,* 9. 4. 1892 Horní Beřkovice,† 4. 8. 1951 Praha
http://www.phil.muni.cz/fil/scf/komplet/matpav.html,Pavel Materna,* 21. 4. 1930 Hněvkovice,
http://www.phil.muni.cz/fil/scf/komplet/mathau.html,Zdeněk Mathauser,"* 3. 6. 1920 Rudolfov, okr. České Budějovice",† 27. 5. 2007 Praha
http://www.phil.muni.cz/fil/scf/komplet/matoch.html,Josef Karel Matocha,* 14. 5. 1888 Pitín u Uherského Hradiště,† 2. 11. 1961 Olomouc
http://www.phil.muni.cz/fil/scf/komplet/matous.html,Miloslav Matoušek,* 29. 8. 1900 Domažlice,† 1. 4. 1985 Praha
http://www.phil.muni.cz/fil/scf/komplet/mauthf.html,Fritz Mauthner,* 22. 11. 1849 Hořice,† 28. 6. 1923 Meersburg
http://www.phil.muni.cz/fil/scf/komplet/meinrt.html,Joseph Georg Meinert,* 22. 2. 1773 Litoměřice,† 15. 5. 1844 Bartošovice u Nového Jičína
http://www.phil.muni.cz/fil/scf/komplet/menzel.html,Ladislav Menzel,* 13. 6. 1929 Praha,† 11. 7. 1978 Praha
http://www.phil.muni.cz/fil/scf/komplet/meszar.html,Ondrej Mészáros,* 11. 7. 1949 Vojtechovce,
http://www.phil.muni.cz/fil/scf/komplet/mezen.html,Pavel Mezenský,* 1. 1. 1648 Kostelní Vydří,† 30. 10. 1701 Praha
http://www.phil.muni.cz/fil/scf/komplet/mihina.html,František Mihina,* 25. 12. 1944 Smolenice,
http://www.phil.muni.cz/fil/scf/komplet/michci.html,Michal Čížek z Malenic,* 14.–15. století,
http://www.phil.muni.cz/fil/scf/komplet/michpr.html,Michal z Prahy,,
http://www.phil.muni.cz/fil/scf/komplet/michlk.html,Jiří Michálek,* 9. 2. 1941 Rakovník,
http://www.phil.muni.cz/fil/scf/komplet/michnk.html,Karel Michňák,* 5. 3. 1930 Ostravice,† 10. 4. 1992 Praha
http://www.phil.muni.cz/fil/scf/komplet/mika.html,Jan Marian Mika,* 9. 2. 1754 Praha,† 3. 3. 1816 Jihlava
http://www.phil.muni.cz/fil/scf/komplet/miklik.html,Josef Konstantin Miklík,* 21. 3. 1895 Žopy u Holešova,† 31. 12. 1966 Rio de Janeiro
http://www.phil.muni.cz/fil/scf/komplet/miks.html,Josef Mikš,* 19. 4. 1853 Chvalkovice u Jaroměře,† 10. 9. 1923 Rokycany
http://www.phil.muni.cz/fil/scf/komplet/mikbic.html,Mikuláš Biceps,,
http://www.phil.muni.cz/fil/scf/komplet/mikbis.html,Mikuláš z Pelhřimova,* asi 1385 Poděbrady,† 1460 Poděbrady
http://www.phil.muni.cz/fil/scf/komplet/miksto.html,Mikuláš Ondřejův ze Stojčína,,
http://www.phil.muni.cz/fil/scf/komplet/mikbud.html,Mikuláš z Budějovic,* 14.–15. století,
http://www.phil.muni.cz/fil/scf/komplet/mikdr.html,Mikuláš z Drážďan,,
http://www.phil.muni.cz/fil/scf/komplet/miklit.html,Mikuláš z Litomyšle,,
http://www.phil.muni.cz/fil/scf/komplet/miklou.html,Mikuláš z Loun,,
http://www.phil.muni.cz/fil/scf/komplet/mikmil.html,Mikuláš z Miličína,* 14.–15. století,
http://www.phil.muni.cz/fil/scf/komplet/mikpav.html,Mikuláš z Pavlíkova,* 14.–15. století,
http://www.phil.muni.cz/fil/scf/komplet/mikzpr.html,Mikuláš z Prahy,* 14.–15. století,
http://www.phil.muni.cz/fil/scf/komplet/mikrak.html,Mikuláš z Rakovníka,,
http://www.phil.muni.cz/fil/scf/komplet/mikrec.html,Mikuláš z Řečice,* 14.–15. století,
http://www.phil.muni.cz/fil/scf/komplet/milic.html,Milíč z Kroměříže,* po 1320 Kroměříž,† 29. 6. 1374 Avignon
http://www.phil.muni.cz/fil/scf/komplet/mircuk.html,Ivan Mirčuk,"* 18. 6. 1891 Stryj (Východní Halič, dnes Ukrajina)",† 2. 5. 1961 Mnichov
http://www.phil.muni.cz/fil/scf/komplet/miskov.html,Vlasta Tatjána Miškovská,* 4. 11. 1908 Praha,† 1. 2. 1980 Praha
http://www.phil.muni.cz/fil/scf/komplet/mlezva.html,Miroslav Mleziva,* 21. 3. 1929 Plzeň,† 6. 5. 1990 Praha
http://www.phil.muni.cz/fil/scf/komplet/mokrej.html,Antonín Mokrejš,* 9. 11. 1932 Otaslavice u Prostějova,
http://www.phil.muni.cz/fil/scf/komplet/molnar.html,Amedeo Molnár,* 24. 1. 1923 Praha,† 31. 1. 1990 Praha
http://www.phil.muni.cz/fil/scf/komplet/mraz.html,Milan Mráz,* 20. 2. 1939 Praha,† 14. 12. 2010
http://www.phil.muni.cz/fil/scf/komplet/mukar.html,Jan Mukařovský,* 11. 11. 1891 Písek,† 8. 2. 1975 Praha
http://www.phil.muni.cz/fil/scf/komplet/munz.html,Teodor Münz,,
http://www.phil.muni.cz/fil/scf/komplet/muzik.html,Josef Mužík,"* 24. 9. 1928 Libkov, okr. Domažlice",† 19. 5. 2001 Praha
http://www.phil.muni.cz/fil/scf/komplet/myslik.html,Jiří Myslikovský,* 25. 4. 1718 Jirny u Prahy,† 22. 9. 1758 Mikulov
http://www.phil.muni.cz/fil/scf/komplet/nahlow.html,Joseph Wilhelm Nahlowsky,* 10. 3. 1812 Praha,† 15. 1. 1885 Graz
http://www.phil.muni.cz/fil/scf/komplet/navjos.html,Josef Navrátil,* 9. 6. 1904 Kelčany,† 12. 1. 1980 Praha
http://www.phil.muni.cz/fil/scf/komplet/navrat.html,Václav Navrátil,* 21. 12. 1904 Kolín nad Labem,† 25. 4. 1961 Praha
http://www.phil.muni.cz/fil/scf/komplet/nebes.html,Václav Bolemír Nebeský,* 18. 8. 1818 Nový Dvůr u Kokořína,† 17. 8. 1882 Praha
http://www.phil.muni.cz/fil/scf/komplet/neff.html,Vladimír Neff,* 13. 6. 1909 Praha,† 2. 7. 1983 Praha
http://www.phil.muni.cz/fil/scf/komplet/nechut.html,Jana Nechutová,* 28. 11. 1936 Olomouc,
http://www.phil.muni.cz/fil/scf/komplet/nejed.html,Zdeněk Nejedlý,* 10. 2. 1878 Litomyšl,† 9. 3. 1962 Praha
http://www.phil.muni.cz/fil/scf/komplet/nemec.html,František Němec,* 23. 1. 1907 Lovčice,† 29. 12. 1975 Osvětimany
http://www.phil.muni.cz/fil/scf/komplet/nemecj.html,Jiří Němec,* 18. 10. 1932 Praha,† 4. 10. 2001 Praha
http://www.phil.muni.cz/fil/scf/komplet/nemckx.html,František Xaver Němeček,* 24. 7. 1766 Sadská,† 19. 3. 1849 Vídeň
http://www.phil.muni.cz/fil/scf/komplet/nemesk.html,Pavel Nemeškal,* 6. 5. 1908 Radkovice,† 16. 9. 1983 Kůsov u Vimperka
http://www.phil.muni.cz/fil/scf/komplet/netop.html,Jakub Netopilík,* 22. 4. 1926,† 5. 6. 1990
http://www.phil.muni.cz/fil/scf/komplet/neubzd.html,Zdeněk Neubauer,* 30. 5. 1942 Brno,† 5. 7. 2016
http://www.phil.muni.cz/fil/scf/komplet/neuman.html,Stanislav Kostka Neumann,* 5. 6. 1875 Praha,† 28. 6. 1947 Praha
http://www.phil.muni.cz/fil/scf/komplet/nosekj.html,Jiří Nosek,* 12. 4. 1948 Vysoké nad Jizerou,
http://www.phil.muni.cz/fil/scf/komplet/novaka.html,Arne Novák,* 2. 3. 1880 Litomyšl,† 26. 11. 1939 Polička
http://www.phil.muni.cz/fil/scf/komplet/novak.html,Mirko Novák,* 3. 10. 1901 Praha,† 16. 9. 1980 Praha
http://www.phil.muni.cz/fil/scf/komplet/novgor.html,Pavel Novgorodcev,* 28. 2. 1866 Bachmut (Ukrajina),† 23. 4. 1924 Praha
http://www.phil.muni.cz/fil/scf/komplet/novikv.html,Michail Novikov,* 27. 3. 1876 Moskva,† 1956 Mnichov
http://www.phil.muni.cz/fil/scf/komplet/novtna.html,Adolf Novotný,* 27. 6. 1891 Praha,† 22. 5. 1968 Praha
http://www.phil.muni.cz/fil/scf/komplet/novfr.html,František Novotný,* 29. 8. 1881 Hlína v Čechách,† 20. 9. 1964 Brno
http://www.phil.muni.cz/fil/scf/komplet/novtnj.html,Josef Novotný,* 5. 10. 1872 Topol u Chrudimi,† 16. 4. 1926 Olomouc
http://www.phil.muni.cz/fil/scf/komplet/novotn.html,Zdeněk Novotný,* 13. 2. 1949 Vsetín,
http://www.phil.muni.cz/fil/scf/komplet/novoz.html,Jana Novozámská,* 26. 1. 1933 Břežany,
http://www.phil.muni.cz/fil/scf/komplet/novy.html,Lubomír Nový,* 15. 4. 1930 Třebíč,† 15. 11. 1996 Brno
http://www.phil.muni.cz/fil/scf/komplet/ocko.html,Mistr Očko,* 13. století,
http://www.phil.muni.cz/fil/scf/komplet/odlzli.html,Otakar Odložilík,* 12. 1. 1899 Kostelec u Holešova,† 14. 7. 1973 Bohinje (Slovinsko)
http://www.phil.muni.cz/fil/scf/komplet/ondrbr.html,Ondřej z Brodu,* ok. 1364,† 15. 10. 1427
http://www.phil.muni.cz/fil/scf/komplet/ondkok.html,Ondřej z Kokořína,,
http://www.phil.muni.cz/fil/scf/komplet/opat.html,Jaroslav Opat,* 11. 4. 1924 Vojnův Městec,† 4. 7. 2015
http://www.phil.muni.cz/fil/scf/komplet/orel.html,Vítězslav Orel,* 29. 5. 1926 Lískovec u Koryčan,† 13. 8. 2015 Brno
http://www.phil.muni.cz/fil/scf/komplet/osolsb.html,Ivo Osolsobě,* 26. 3. 1928 Brno,† 27. 9. 2012
http://www.phil.muni.cz/fil/scf/komplet/osusky.html,Samuel Štefan Osuský,* 7. 6. 1888 Brezová pod Bradlom,† 14. 11. 1975 Brezová pod Bradlom
http://www.phil.muni.cz/fil/scf/komplet/otazbr.html,Ota Zbraslavský,,
http://www.phil.muni.cz/fil/scf/komplet/ovecka.html,Jaroslav Ovečka,* 26. 12. 1882 Litenčice u Kroměříže,† 27. 9. 1953
http://www.phil.muni.cz/fil/scf/komplet/palac.html,František Palacký,* 14. 6. 1798 Hodslavice,† 26. 5. 1876 Praha
http://www.phil.muni.cz/fil/scf/komplet/palous.html,Radim Palouš,* 6. 11. 1924 Praha,† 10. 9. 2015
http://www.phil.muni.cz/fil/scf/komplet/pamrov.html,Anna Pammrová,* 29. 6. 1860 Jinošov,† 19. 9. 1945 Žďárec
http://www.phil.muni.cz/fil/scf/komplet/patock.html,Jan Patočka,* l. 6. 1907 Turnov,† 13. 3. 1977 Praha
http://www.phil.muni.cz/fil/scf/komplet/pauza.html,Miroslav Pauza,* 19. 8. 1951 Prostějov,† 17. 12. 2020  
http://www.phil.muni.cz/fil/scf/komplet/pavzpr.html,Pavel Václavův z Prahy,,
http://www.phil.muni.cz/fil/scf/komplet/pavkra.html,Pavel z Kravař,,
http://www.phil.muni.cz/fil/scf/komplet/pavost.html,Pavel z Ostrova,,
http://www.phil.muni.cz/fil/scf/komplet/zidek.html,Pavel z Prahy,* 1413 Praha,† 1471
http://www.phil.muni.cz/fil/scf/komplet/pavl.html,Jan Pavlík, * 24. 12. 1724 Olomouc,
http://www.phil.muni.cz/fil/scf/komplet/pavlik.html,Ján Pavlík,* 1. 4. 1956 Košice,
http://www.phil.muni.cz/fil/scf/komplet/pavlhe.html,Helena Pavlincová,* 21. 3. 1948 Brno,
http://www.phil.muni.cz/fil/scf/komplet/pavlnc.html,Štěpán Milan Pavlinec,* 18. 6. 1921 Louny,† 21. 8. 2012
http://www.phil.muni.cz/fil/scf/komplet/pecka.html,Dominik Pecka,* 4. 8. 1895 Čejkovice,† 1. 5. 1981 Moravec
http://www.phil.muni.cz/fil/scf/komplet/pechar.html,Jiří Pechar,* 7. 5. 1929 Příbram, † 22. 8. 2022
http://www.phil.muni.cz/fil/scf/komplet/pekar.html,Josef Pekař,* 12. 4. 1870 Malý Rohozec,† 23. 1. 1937 Praha
http://www.phil.muni.cz/fil/scf/komplet/pelant.html,Karel Pelant,* 28. 10. 1874 Praha,† 24. 1. 1925
http://www.phil.muni.cz/fil/scf/komplet/pelikf.html,Ferdinand Pelikán,* 3. 6. 1885 Praha,† 5. 9. 1952 Praha
http://www.phil.muni.cz/fil/scf/komplet/pergr.html,Jaroslav Peregrin,* 28. 1. 1957 Hradec Králové,
http://www.phil.muni.cz/fil/scf/komplet/pertld.html,Otakar Pertold,* 21. 3. 1884 Jaroměř,† 3. 5. 1965 Praha
http://www.phil.muni.cz/fil/scf/komplet/pesek.html,Jiří Pešek,* 7. 6. 1929 Praha,† září 2004
http://www.phil.muni.cz/fil/scf/komplet/peskva.html,Jaroslava Pešková,* 20. 3. 1929 Plzeň,† 3. 2. 2006 Praha
http://www.phil.muni.cz/fil/scf/komplet/petpay.html,Petr Payne,* asi 1385,† 1. 9. 1456 Praha
http://www.phil.muni.cz/fil/scf/komplet/petrro.html,Petr Roudnický,,
http://www.phil.muni.cz/fil/scf/komplet/petbra.html,Petr z Brandýsa,* 14.–15. století,
http://www.phil.muni.cz/fil/scf/komplet/petdob.html,Petr z Dobřichova,* 14.–15. století,
http://www.phil.muni.cz/fil/scf/komplet/petrhr.html,Petr z Hradce Králové,* 14.–15. století,
http://www.phil.muni.cz/fil/scf/komplet/petkon.html,Petr z Koněprus,,
http://www.phil.muni.cz/fil/scf/komplet/petlet.html,Petr z Letovic,,
http://www.phil.muni.cz/fil/scf/komplet/petnah.html,Petr z Nahošic,* 14.–15. století,
http://www.phil.muni.cz/fil/scf/komplet/petpol.html,Petr z Police,* 14.–15. století,
http://www.phil.muni.cz/fil/scf/komplet/petuje.html,Petr z Újezda,* 14.–15. století,
http://www.phil.muni.cz/fil/scf/komplet/petsep.html,Petr ze Sepekova,* 14.–15. století,
http://www.phil.muni.cz/fil/scf/komplet/petstu.html,Petr ze Stupna,,
http://www.phil.muni.cz/fil/scf/komplet/petzno.html,Petr ze Znojma,* 14.–15. století,
http://www.phil.muni.cz/fil/scf/komplet/petrzt.html,Petr Žitavský,* mezi 1260–70,† asi 1339
http://www.phil.muni.cz/fil/scf/komplet/petras.html,Josef svobodný pán Petráš,* 19. 10. 1714 Slavonský Brod,† 15. 5. 1772 Starý Hrad u Bučovic
http://www.phil.muni.cz/fil/scf/komplet/petrml.html,Miroslav Petříček jr.,* 21. 2. 1951 Praha,
http://www.phil.muni.cz/fil/scf/komplet/pichl.html,Tibor Pichler,* 3. 3. 1949 Bratislava,
http://www.phil.muni.cz/fil/scf/komplet/pinc.html,Zdeněk Pinc,* 10. 2. 1945 Příbram,
http://www.phil.muni.cz/fil/scf/komplet/piseck.html,Václav Písecký,* 1482 Písek,† 1511 Benátky
http://www.phil.muni.cz/fil/scf/komplet/pitter.html,Přemysl Pitter,* 21. 6. 1895 Praha,† 15. 2. 1976 Curych
http://www.phil.muni.cz/fil/scf/komplet/pleyer.html,Josef Pleyer,* 26. 4. 1709 Česká Kubice,† 1799 Česká Kubice
http://www.phil.muni.cz/fil/scf/komplet/podlha.html,Antonín Podlaha,* 22. 1. 1865 Praha,† 14. 2. 1932 Praha
http://www.phil.muni.cz/fil/scf/komplet/pokora.html,Timoteus Pokora,* 26. 6. 1928 Brno,† 11. 7. 1985 Praha
http://www.phil.muni.cz/fil/scf/komplet/pokorp.html,Petr Pokorný,* 21. 4. 1933 Brno,† 18. 1. 2020 Praha
http://www.phil.muni.cz/fil/scf/komplet/polach.html,Ota Polách,* 22. 5. 1908 Boskovice,† 6. 11. 1969 Praha
http://www.phil.muni.cz/fil/scf/komplet/polakv.html,Jolana Poláková,* 14. 5. 1951 Praha,
http://www.phil.muni.cz/fil/scf/komplet/polakc.html,Štefan Polakovič,* 22. 9. 1912 Chtelnica pri Piešťanoch,† 29. 11. 1999 Buenos Aires (Argentina)
http://www.phil.muni.cz/fil/scf/komplet/polans.html,Jan Nepomuk Polanský,* 7. 2. 1723 Brno,† 13. 10. 1776 Olomouc
http://www.phil.muni.cz/fil/scf/komplet/popel.html,Jiřina Popelová,* 29. 2. 1904 Praha,† 14. 6. 1985 Praha
http://www.phil.muni.cz/fil/scf/komplet/pospis.html,Josef Pospíšil,* 7. 5. 1845 Oslavička u Velkého Meziříčí,† 18. 12. 1926 Brno
http://www.phil.muni.cz/fil/scf/komplet/preisn.html,Rio Preisner,* 13. 11. 1925 Mukačevo,"† 2. 8. 2007  Indianola (Pensylvánie, USA)"
http://www.phil.muni.cz/fil/scf/komplet/proch.html,František Xaver Procházka,* 1854 Benešov,† 11. 12. 1911 Praha
http://www.phil.muni.cz/fil/scf/komplet/prochj.html,Jiří Procházka,* 10. 4. 1749 Blížkovice,† 17. 7. 1820 Vídeň
http://www.phil.muni.cz/fil/scf/komplet/prochm.html,Matěj Procházka,* 4. 2. 1811 Brtnice,† 26. 11. 1889 Brno
http://www.phil.muni.cz/fil/scf/komplet/prokkl.html,Prokop z Kladrub,,
http://www.phil.muni.cz/fil/scf/komplet/prokpl.html,Prokop z Plzně,* 14.–15. století,
http://www.phil.muni.cz/fil/scf/komplet/prokup.html,Ladislav Prokůpek,* 11. 12. 1932 Hlinsko,
http://www.phil.muni.cz/fil/scf/komplet/prucha.html,Milan Průcha,* 23. 11. 1931 Plzeň,
http://www.phil.muni.cz/fil/scf/komplet/prech.html,Přech Martinův z Branic,* 14.–15. století,
http://www.phil.muni.cz/fil/scf/komplet/prijes.html,Přibyslav z Jesenice,* 14.–15. století,
http://www.phil.muni.cz/fil/scf/komplet/prihod.html,Václav Příhoda,* 7. 9. 1889 Sány u Poděbrad,† 18. 11. 1979 Praha
http://www.phil.muni.cz/fil/scf/komplet/prihon.html,František Příhonský,* 1788 Praha,† 1859 Budyšín
http://www.phil.muni.cz/fil/scf/komplet/pstruz.html,Karel Pstružina,* 23. 1. 1941 Ostrava,
http://www.phil.muni.cz/fil/scf/komplet/purkyn.html,Jan Evangelista Purkyně,* 18. 12. 1787 Libochovice,† 28. 7. 1869 Praha
http://www.phil.muni.cz/fil/scf/komplet/radl.html,Emanuel Rádl,* 21. 12. 1873 Pyšely,† 12. 5. 1942 Praha
http://www.phil.muni.cz/fil/scf/komplet/radvan.html,Eduard Radvan,* 30. 3. 1947 Ždánice,
http://www.phil.muni.cz/fil/scf/komplet/ransd.html,Miloslav Ransdorf,* 15. 2. 1953 Rakovník,† 22. 1. 2016 Praha
http://www.phil.muni.cz/fil/scf/komplet/reichl.html,Zdeněk Reichl,* 19. 7. 1903 Praha,† 5. 12. 1965 Praha
http://www.phil.muni.cz/fil/scf/komplet/rejchn.html,Noemi Rejchrtová,* 1. 11. 1940 Praha,
http://www.phil.muni.cz/fil/scf/komplet/rezek.html,Petr Rezek,* 9. 1. 1948 Praha,† 8. 11. 2022 Praha
http://www.phil.muni.cz/fil/scf/komplet/riedlg.html,Gustav Riedel,* 17. 5. 1912 Borotín,† 27. 7. 1960 Brno
http://www.phil.muni.cz/fil/scf/komplet/rieger.html,František Ladislav Rieger,* 10. 12. 1818 Semily,† 3. 3. 1903 Praha
http://www.phil.muni.cz/fil/scf/komplet/riegrl.html,Ladislav Rieger,* 17. 5. 1890 Praha,† 30. 4. 1958 Praha
http://www.phil.muni.cz/fil/scf/komplet/richar.html,Richardinus z Pavie,* 13.–14. století,
http://www.phil.muni.cz/fil/scf/komplet/richta.html,Radovan Richta,* 6. 6. 1924 Praha,† 21. 7. 1983 Praha
http://www.phil.muni.cz/fil/scf/komplet/rchtrv.html,Václav Richter,* 30. 8. 1900 Třešť,† 7. 4. 1970 Brno
http://www.phil.muni.cz/fil/scf/komplet/richtr.html,Vladimír Richter,* 14. 7. 1925 Brno-Chrlice,† 24. 2. 2013 Hochrum (Rakousko)
http://www.phil.muni.cz/fil/scf/komplet/riska.html,Augustín Riška,* 29. 4. 1935 Brodské,
http://www.phil.muni.cz/fil/scf/komplet/rodovs.html,Bavor Rodovský mladší z Hustířan,* 1526 Hustířany,† 1592 Budyně nad Ohří
http://www.phil.muni.cz/fil/scf/komplet/rokycn.html,Jan Rokycana,* ok. 1397 Rokycany,† 22. 2. 1471 Praha
http://www.phil.muni.cz/fil/scf/komplet/rosthr.html,Mihajlo Rostohar,* 30. 7. 1878 Bregy u Krška,† 5. 8. 1966 Bregy u Krška
http://www.phil.muni.cz/fil/scf/komplet/ruml.html,Vladimír Ruml,* 20. 5. 1923 Lysá nad Labem,† 1993 Praha
http://www.phil.muni.cz/fil/scf/komplet/rydlm.html,Miroslav Rýdl,"* 27. 3. 1930 Josefov, okr. Náchod",
http://www.phil.muni.cz/fil/scf/komplet/rehlvu.html,Řehoř Lvův z Prahy,* 14.–15. století,
http://www.phil.muni.cz/fil/scf/komplet/rehpra.html,Řehoř Pražský,* asi 1440,† asi 1511 Praha
http://www.phil.muni.cz/fil/scf/komplet/rehtom.html,Řehoř Tomášův z Prahy,,
http://www.phil.muni.cz/fil/scf/komplet/zajic.html,Řehoř Zajíc z Valdeka,* asi 1235,† 6. 9. 1301 Praha
http://www.phil.muni.cz/fil/scf/komplet/rezac.html,Jan Řezáč,* 1914 Vrchoslavice na Hané,† 4. 1. 1990 Řím
http://www.phil.muni.cz/fil/scf/komplet/rican.html,Rudolf Říčan,* 23. 9. 1899 Hovězí u Vsetína,† 2. 10. 1975 Praha
http://www.phil.muni.cz/fil/scf/komplet/riha.html,Karel Říha,"* 11. 5. 1923 Radkov, okr. Žďár nad Sázavou",† 13. 6. 2016 Kroměříž
http://www.phil.muni.cz/fil/scf/komplet/stank.html,Václav Řípa Stankovský,* ok. 1580 Stankov,
http://www.phil.muni.cz/fil/scf/komplet/sabina.html,Karel Sabina,* 29. 12. 1813 Praha,† 9. 11. 1877 Praha
http://www.phil.muni.cz/fil/scf/komplet/sadek.html,Vladimír Sadek,* 22. 9. 1932 Praha,† 31. 5. 2008 Praha
http://www.phil.muni.cz/fil/scf/komplet/sagner.html,Kašpar Sagner,* 9. 5. 1721 Sroda Śląska (Polsko),† 17. 1. 1781 Praha
http://www.phil.muni.cz/fil/scf/komplet/sannig.html,Bernard Sannig,* 1637,† 10. 9. 1704
http://www.phil.muni.cz/fil/scf/komplet/savick.html,Petr Savickij,* 3. 2. 1895 Černihov (Ukrajina),† 13. 4. 1968 Praha
http://www.phil.muni.cz/fil/scf/komplet/sedlfr.html,František Sedlák,* 14. 10. 1873 Tetčice u Brna,† 8. 1. 1935 Whiteway (Anglie)
http://www.phil.muni.cz/fil/scf/komplet/sedlkj.html,Jiří Sedlák,* 16. 4. 1924 Brno,† 12. 12. 2013 Brno
http://www.phil.muni.cz/fil/scf/komplet/sedlar.html,Jaroslav Sedlář,"* 17. 
1. 
1936 Březolupy",† 4. 3. 2020 Brno
http://www.phil.muni.cz/fil/scf/komplet/sedova.html,Tatiana Sedová,* 13. 11. 1953 Bratislava,
http://www.phil.muni.cz/fil/scf/komplet/segert.html,Stanislav Segert,* 4. 5. 1921 Praha,† 30. 9. 2005 Los Angeles
http://www.phil.muni.cz/fil/scf/komplet/seibt.html,Karel Jindřich Seibt,* 21. 3. 1735 Mariental (Horní Lužice),† 2. 4. 1806 Praha
http://www.phil.muni.cz/fil/scf/komplet/sesemn.html,Wassili Sesemann,"* 31. 5. 1884 Vyborg (Finsko, dnes Rusko)",† 29. 3. 1963 Vilnius
http://www.phil.muni.cz/fil/scf/komplet/seydlr.html,August Seydler,* 1. 6. 1849 Žamberk,† 22. 6. 1891 Letná u Prahy
http://www.phil.muni.cz/fil/scf/komplet/schaur.html,Hubert Gordon Schauer,* 27. 10. 1862 Horní Zahájí u Litomyšle,† 26. 7. 1892 Hory u České Třebové
http://www.phil.muni.cz/fil/scf/komplet/schif.html,Věra Schifferová,* 15. 5. 1959 Praha,
http://www.phil.muni.cz/fil/scf/komplet/schill.html,Josef Schiller,* 29. 6. 1846 Liberec,† 16. 8. 1897
http://www.phil.muni.cz/fil/scf/komplet/schleg.html,Jaroslava Schlegelová,* 21. 2. 1955 Kolín,
http://www.phil.muni.cz/fil/scf/komplet/silva.html,Karel Silva-Tarrouca,* 18. 3. 1883 Studénka,† 3. 9. 1958 Campo Verano (Řím)
http://www.phil.muni.cz/fil/scf/komplet/sirac.html,Andrej Sirácky,* 9. 12. 1900 Petrovec (Juhoslávia),† 29. 9. 1988 Bratislava
http://www.phil.muni.cz/fil/scf/komplet/skclbj.html,Bernardin Jan Skácel,* 3. 4. 1884 Javoříčko na Moravě,† 2. 1. 1959 Litoměřice
http://www.phil.muni.cz/fil/scf/komplet/skclmi.html,Miloslav Skácel,* 20. 12. 1914 Prostějov,† 8. 4. 1974
http://www.phil.muni.cz/fil/scf/komplet/skalic.html,Karel Skalický,* 20. 5. 1934 Hluboká nad Vltavou,
http://www.phil.muni.cz/fil/scf/komplet/skorep.html,Miloslav Skořepa,* 24. 2. 1895 Kutná Hora,† 15. 6. 1942 Brno
http://www.phil.muni.cz/fil/scf/komplet/slavik.html,Jan Slavík,* 25. 5. 1885 Šlapanice u Slaného,† 9. 5. 1978 Praha
http://www.phil.muni.cz/fil/scf/komplet/slejsk.html,Dragoslav Slejška,* 29. 1. 1923 Čuprija,† 6. 1. 1996 Praha
http://www.phil.muni.cz/fil/scf/komplet/slezin.html,Jan Slezina,* 7. 12. 1714 Opava,† 2. 1. 1775 Praha
http://www.phil.muni.cz/fil/scf/komplet/smetck.html,Zdeněk Smetáček,* 15. 6. 1901 Nová Ves u Chotěboře ,† 4. 12. 1969 Washington (USA)
http://www.phil.muni.cz/fil/scf/komplet/smtnau.html,Augustin Smetana,* 15. 6. 1814 Praha,† 30. 1. 1851 Praha
http://www.phil.muni.cz/fil/scf/komplet/smetan.html,Josef František Smetana,* 11. 3. 1801 Svinišťany u České Skalice,† 18. 2. 1861 Plzeň
http://www.phil.muni.cz/fil/scf/komplet/smolik.html,Josef Smolík,* 27. 3. 1922 Jičín,† 4. 2. 2009 Praha
http://www.phil.muni.cz/fil/scf/komplet/smrek.html,Dagmar Smreková,* 10. 11. 1952 Nitra,
http://www.phil.muni.cz/fil/scf/komplet/smrz.html,Jan Smrž,* 18. 6. 1892 Hluboká,† 1. 8. 1965 Budiškovice
http://www.phil.muni.cz/fil/scf/komplet/skala.html,Soběslav Skála z Rožnova,,
http://www.phil.muni.cz/fil/scf/komplet/sobtka.html,Milan Sobotka,* 23. 7. 1927 Olomouc,
http://www.phil.muni.cz/fil/scf/komplet/sbtkav.html,Václav Sobotka,* 25. 7. 1887 Humpolec,† 15. 11. 1947 Brno
http://www.phil.muni.cz/fil/scf/komplet/sochor.html,Lubomír Sochor,* 7. 7. 1925 Boňkov,† 14. 11. 1986 Paříž
http://www.phil.muni.cz/fil/scf/komplet/sokol.html,Jan Sokol,* 18. 4. 1936 Praha,† 16. 2. 2021 Praha
http://www.phil.muni.cz/fil/scf/komplet/soldan.html,Ladislav Soldán,* 10. 10. 1938 Brno,
http://www.phil.muni.cz/fil/scf/komplet/soucek.html,Josef Bohumil Souček,* 12. 5. 1902 Praha,† 9. 9. 1972 Praha
http://www.phil.muni.cz/fil/scf/komplet/souckr.html,Rudolf Souček,* 23. 1. 1888 Lipník nad Bečvou,† 23. 7. 1954 Brno
http://www.phil.muni.cz/fil/scf/komplet/soukupe.html,Emilian Soukup,* 9. 5. 1886 Malešice,† 5. 1. 1962 Moravec
http://www.phil.muni.cz/fil/scf/komplet/soukpf.html,František Alois Soukup,* 26. 1. 1880 Čestlice u Říčan,† 28. 4. 1971 Praha
http://www.phil.muni.cz/fil/scf/komplet/soused.html,Stanislav Sousedík,* 22. 8. 1931 Praha,
http://www.phil.muni.cz/fil/scf/komplet/sporck.html,František Antonín hrabě Sporck,* 9. 3. 1662 Heřmanův Městec,† 30. 3. 1738 Lysá nad Labem
http://www.phil.muni.cz/fil/scf/komplet/springer.html,Anton Heinrich Springer,* 13. 7. 1825 Praha,† 31. 5. 1891 Lipsko
http://www.phil.muni.cz/fil/scf/komplet/spunar.html,Pavel Spunar,* 21. 5. 1928 Praha,
http://www.phil.muni.cz/fil/scf/komplet/srbm.html,Miloš Srb,* 29. 5. 1892 Praha,† 11. 6. 1944 Praha
http://www.phil.muni.cz/fil/scf/komplet/srovnl.html,Jindřich Srovnal,* 15. 8. 1924 Praha,† 12. 11. 2005
http://www.phil.muni.cz/fil/scf/komplet/stachv.html,Václav Stach,* 1754 Přeštice,† 1831 Vídeň
http://www.phil.muni.cz/fil/scf/komplet/stach.html,Jiřina Stachová,* 27. 12. 1934 Plzeň,
http://www.phil.muni.cz/fil/scf/komplet/stznoj.html,Stanislav ze Znojma,* ok. 1360 Znojmo,† 10. 10. 1414 Jindřichův Hradec
http://www.phil.muni.cz/fil/scf/komplet/statec.html,Karel Statečný,* 1870,† 1927
http://www.phil.muni.cz/fil/scf/komplet/steind.html,Rudolf Steindl,* 17. 6. 1944 České Velenice,† Prosinec 2001
http://www.phil.muni.cz/fil/scf/komplet/steinr.html,Hanuš Steiner,* 15. 5. 1919 Brno,† 19. 7. 1982 Brno
http://www.phil.muni.cz/fil/scf/komplet/stepln.html,Josef Stepling,* 29. 6. 1716 Regensburg (SRN),† 11. 7. 1777 Praha
http://www.phil.muni.cz/fil/scf/komplet/stiebi.html,Ferdinand Stiebitz,* 7. 7. 1894 Velvary,† 10. 10. 1961 Brno
http://www.phil.muni.cz/fil/scf/komplet/stodol.html,Aurel Stodola,* 10. 5. 1859 Liptovský Mikuláš,† 25. 12. 1942 Curych
http://www.phil.muni.cz/fil/scf/komplet/strans.html,Oldřich Stránský,* * 1896,
http://www.phil.muni.cz/fil/scf/komplet/stranp.html,Pavel Stránský,* 1583 Zapy u Čelákovic,† únor 1657 Toruň
http://www.phil.muni.cz/fil/scf/komplet/strink.html,Július Strinka,* 7. 4. 1928 Mokrá Lúka,† 10. 2. 1997 Bratislava
http://www.phil.muni.cz/fil/scf/komplet/strohs.html,Slavomil Strohs,* 28. 11. 1926 Orlová,† 12. 10. 2001
http://www.phil.muni.cz/fil/scf/komplet/stryko.html,Marcel Strýko,"* 22. 6. 1955 Zborov, okres Bardejov",† 3. 12. 1994 Košice
http://www.phil.muni.cz/fil/scf/komplet/stritc.html,Jaroslav Střítecký,* 4. 10. 1941 České Meziříčí,
http://www.phil.muni.cz/fil/scf/komplet/stuchl.html,Jaroslav Stuchlík,* 22. 4. 1890 Uhlíře,† 8. 12. 1967 Praha
http://www.phil.muni.cz/fil/scf/komplet/stumpf.html,Carl Stumpf,* 21. 4. 1848 Wiesentheid,† 25. 12. 1936 Berlín
http://www.phil.muni.cz/fil/scf/komplet/stuna.html,Rudolf Stuna,* 12. 9. 1930 Praha,† 11. 2. 2008 Šternberk
http://www.phil.muni.cz/fil/scf/komplet/suchyj.html,Jiří Suchý,* 6. 8. 1931 Plzeň,† 21. 12. 1992 Bratislava
http://www.phil.muni.cz/fil/scf/komplet/susol.html,Oleg Sus,* 9. 9. 1924 Brno,† 22. 11. 1982 Brno
http://www.phil.muni.cz/fil/scf/komplet/susao.html,Oleg Suša,* 26. 11. 1947 Praha,
http://www.phil.muni.cz/fil/scf/komplet/svitak.html,Ivan Sviták,* 10. 10. 1925 Hranice na Moravě,† 20. 10. 1994 Praha
http://www.phil.muni.cz/fil/scf/komplet/svobde.html,Emil Svoboda,* 2. 10. 1878 Praha,† 19.  8.  1948  Český Brod
http://www.phil.muni.cz/fil/scf/komplet/svobka.html,Karel Svoboda,* 17. 7. 1888 Praha,† 30. 10. 1960 Praha
http://www.phil.muni.cz/fil/scf/komplet/svoblu.html,Ludvík Svoboda,* 4. 5. 1903 Čejč,† 3. 8. 1977 Praha
http://www.phil.muni.cz/fil/scf/komplet/svobdv.html,Vladimír Svoboda,* 6. 8. 1960 Dvůr Králové nad Labem,
http://www.phil.muni.cz/fil/scf/komplet/sykora.html,Hanuš Sýkora,* 11. 7. 1883 Litovany na Moravě,† 10. 2. 1944 Dachau
http://www.phil.muni.cz/fil/scf/komplet/szanto.html,Ladislav Szántó,* 20. 4. 1894 Uhrovec,† 22. 4. 1974 Bratislava
http://www.phil.muni.cz/fil/scf/komplet/safjo.html,Josef Šafařík,* 11. 2. 1907 Prostějov,† 23. 4. 1992 Brno
http://www.phil.muni.cz/fil/scf/komplet/salda.html,František Xaver Šalda,* 22. 12. 1867 Liberec,† 4. 4. 1937 Praha
http://www.phil.muni.cz/fil/scf/komplet/sauerj.html,Josef Šauer z Augenburgu,* 8. 11. 1845 Držkov u Semil,† 15. 12. 1917 Praha
http://www.phil.muni.cz/fil/scf/komplet/sebest.html,Jan Šebestík,* 9. 1. 1931 Uherské Hradiště,
http://www.phil.muni.cz/fil/scf/komplet/sefrnk.html,Ján Šefránek,* 25. 4. 1942 Martin,
http://www.phil.muni.cz/fil/scf/komplet/serack.html,František Šeracký,* 11. 8. 1891 Klabava u Rokycan,† 26. 9. 1942 Praha
http://www.phil.muni.cz/fil/scf/komplet/silhan.html,František Šilhan,* 7. 1. 1905 Smržovka,† 13. 2. 1985 Moravec
http://www.phil.muni.cz/fil/scf/komplet/simeck.html,Milan Šimečka,* 6. 3. 1930 Bohumín,† 24. 9. 1990 Praha
http://www.phil.muni.cz/fil/scf/komplet/simek.html,František Šimek,* 1839 Ústí nad Orlicí,† 7. 6. 1900 Soběslav
http://www.phil.muni.cz/fil/scf/komplet/simrka.html,Václav Šimerka,* 20. 12. 1819 Vysoké Veselí,† 1887 Praskačka u Hradce Králové
http://www.phil.muni.cz/fil/scf/komplet/simtis.html,Šimon z Tišnova,* 14.–15. století,
http://www.phil.muni.cz/fil/scf/komplet/sims-s.html,Jan Šimsa,* 2. 10. 1929 Praha,† 5. 4. 2016 Brno
http://www.phil.muni.cz/fil/scf/komplet/sims-o.html,Jaroslav Šimsa,* 12. 10. 1900 Praha,† 8. 2. 1945 Dachau
http://www.phil.muni.cz/fil/scf/komplet/sindel.html,Dušan Šindelář,"* 23. 3. 1927 Rejdice, okr. Jablonec nad Nisou",
http://www.phil.muni.cz/fil/scf/komplet/skrach.html,Vasil Kaprálek Škrach,* 14. 6. 1891 Prostějov,† 28. 5. 1943 Berlin-Plötzensee
http://www.phil.muni.cz/fil/scf/komplet/smahel.html,František Šmahel,* 17. 8. 1934 Trhová Kamenice,
http://www.phil.muni.cz/fil/scf/komplet/smajs.html,Josef Šmajs,"* 23. 11. 1938 Skvrňov, okr. Kolín",
http://www.phil.muni.cz/fil/scf/komplet/smardj.html,Jan Šmarda,* 29. 8. 1930 Brno,
http://www.phil.muni.cz/fil/scf/komplet/smauso.html,Gerlinda Šmausová,* 13. 12. 1940 Chranišov,† 1. 6. 2022 Saarbrücken
http://www.phil.muni.cz/fil/scf/komplet/snebrg.html,Irena Šnebergová (Michňáková),* 8. 9. 1930 Pardubice,
http://www.phil.muni.cz/fil/scf/komplet/spaldk.html,Adolf Špaldák,* 1877,† 1956
http://www.phil.muni.cz/fil/scf/komplet/spidl.html,Tomáš Špidlík,* 17. 12. 1919 Boskovice,† 16. 4. 2010 Řím
http://www.phil.muni.cz/fil/scf/komplet/sprunk.html,Karel Šprunk,"* 11. 2. 1928 Kovářov, okr. Písek",
http://www.phil.muni.cz/fil/scf/komplet/sramj.html,Jan Šrámek,* 11. 8. 1870 Grygov u Olomouce,† 23. 9. 1953 v internaci
http://www.phil.muni.cz/fil/scf/komplet/srobar.html,Vavro Šrobár,* 9. 8. 1867 Liesková,† 6. 12. 1950 Olomouc
http://www.phil.muni.cz/fil/scf/komplet/srubar.html,Ilja Šrubař,* 6. 8. 1946 Teplice,
http://www.phil.muni.cz/fil/scf/komplet/stmpch.html,Ivan Štampach,* 18. 2. 1946 Praha,
http://www.phil.muni.cz/fil/scf/komplet/stepan.html,Jan Štěpán,"* 19. 1. 1948 Dolní Újezd, okr. Přerov",
http://www.phil.muni.cz/fil/scf/komplet/stepdo.html,Štěpán z Dolan,,
http://www.phil.muni.cz/fil/scf/komplet/stepko.html,Štěpán z Kolína,,
http://www.phil.muni.cz/fil/scf/komplet/steppa.html,Štěpán z Pálče,* asi 1370 Páleč u Rakovníka,† 1423 Kalisz (Polsko)
http://www.phil.muni.cz/fil/scf/komplet/stepse.html,Štěpán ze Seče,* 14.–15. století,
http://www.phil.muni.cz/fil/scf/komplet/storch.html,Karel Boleslav Štorch,* 18. 11. 1812 Klatovy,† 21. 11. 1868 Praha
http://www.phil.muni.cz/fil/scf/komplet/stursv.html,Svätopluk Štúr,"* 24. 1. 1901 Hodslavice, okr. Nový Jičín",† 12. 2. 1981 Bratislava
http://www.phil.muni.cz/fil/scf/komplet/sverma.html,Jan Šverma,* 23. 3. 1901 Mnichovo Hradiště,† 10. 11. 1944 Chabenec v Nízkých Tatrách
http://www.phil.muni.cz/fil/scf/komplet/svihrn.html,Július Švihran,"* 12. 2. 1930 Bátovce, okr. Levice",
http://www.phil.muni.cz/fil/scf/komplet/tardyv.html,Vladimír Tardy,* 18. 9. 1906 Louny,† 18. 4. 1987 Praha
http://www.phil.muni.cz/fil/scf/komplet/teige.html,Karel Teige,* 13. 12. 1900 Praha,† 1. 10. 1951 Praha
http://www.phil.muni.cz/fil/scf/komplet/thurn.html,Rudolf Thurn-Taxis,* 25. 11. 1833 Praha,† 3. 7. 1904 Velehrad
http://www.phil.muni.cz/fil/scf/komplet/tichaj.html,Jindřiška Tichá,* 21. 3. 1937 Praha,
http://www.phil.muni.cz/fil/scf/komplet/tichgu.html,Gustav Tichý,* 1880,† 1918
http://www.phil.muni.cz/fil/scf/komplet/tichym.html,Martin Tichý,* 1. 11. 1647 Lipník nad Bečvou,† 24. 6. 1694 Brno
http://www.phil.muni.cz/fil/scf/komplet/tichy.html,Pavel Tichý,* 18. 2. 1936 Brno,
http://www.phil.muni.cz/fil/scf/komplet/tilser.html,František Tilšer,* 12. 6. 1825 Budeček na Moravě,† 5. 2. 1913 Praha
http://www.phil.muni.cz/fil/scf/komplet/tlusty.html,Vojtěch Tlustý,* 5. 1. 1921 Plzeň,† 22. 8. 1989 Praha
http://www.phil.muni.cz/fil/scf/komplet/tomlys.html,Tomáš z Lysé,* 14.–15. století,
http://www.phil.muni.cz/fil/scf/komplet/stitny.html,Tomáš ze Štítného,* mezi 1331–35,† mezi 1401–1409 Praha
http://www.phil.muni.cz/fil/scf/komplet/tomek.html,Václav Tomek,* 4. 11. 1942 Tábor, † 1. 7. 2022
http://www.phil.muni.cz/fil/scf/komplet/tomin.html,Julius Tomin,* 2. 12. 1938 Praha,
http://www.phil.muni.cz/fil/scf/komplet/tomsab.html,Bohuš Tomsa,* 2. 8. 1888 Nový Bydžov,† 10. 5. 1977 Praha
http://www.phil.muni.cz/fil/scf/komplet/tondl.html,Ladislav Tondl,* 28. 2. 1924 Znojmo,† 7. 8. 2015 Praha
http://www.phil.muni.cz/fil/scf/komplet/tosen.html,Ludvík Tošenovský,"* 24. 12. 1917 Sýkorec, okr. Nový Jičín",† 7. 3. 2012 Brno
http://www.phil.muni.cz/fil/scf/komplet/trakal.html,Josef Trakal,* 1. 1. 1860 Debř u Mladé Boleslavi,† 23. 3. 1913 Poděbrady
http://www.phil.muni.cz/fil/scf/komplet/trapl.html,Miloslav Trapl,* 30. 4. 1899 Blansko,† 1. 6. 1979 Olomouc
http://www.phil.muni.cz/fil/scf/komplet/trtera.html,Ivo Tretera,* 22. 5. 1933 Praha-Královské Vinohrady,† 7. 1. 2012
http://www.phil.muni.cz/fil/scf/komplet/trnka.html,Tomáš Trnka,* 6. 12. 1888 Dunovice,† 24. 4. 1961 Praha
http://www.phil.muni.cz/fil/scf/komplet/trojan.html,Jakub S. Trojan,* 13. 5. 1927 Paříž,
http://www.phil.muni.cz/fil/scf/komplet/nigel.html,Trojan Nigellus z Oskořína,* ok. 1537 Heřmanův Městec,† 9. 8. 1604 Praha
http://www.phil.muni.cz/fil/scf/komplet/trtik.html,Zdeněk Trtík,* 14. 8. 1914 Kyjov,† 24. 6. 1983 Praha
http://www.phil.muni.cz/fil/scf/komplet/tuma.html,Karel Tůma,* 6. 9. 1843 Praha,† 9. 5. 1917 Praha
http://www.phil.muni.cz/fil/scf/komplet/tvrdy.html,Josef Tvrdý,* 19. 9. 1877 Tuř u Jičína,† 13. 3. 1942 Mauthausen
http://www.phil.muni.cz/fil/scf/komplet/tyrs.html,Miroslav Tyrš,* 17. 9. 1832 Děčín,† 8. 8. 1884 Oetz (Tyrolsko)
http://www.phil.muni.cz/fil/scf/komplet/uherjn.html,Jan Uher,* 28. 1. 1891 Prostějov,† 27. 10. 1942 Berlín
http://www.phil.muni.cz/fil/scf/komplet/uherj.html,Ján Uher,* 7. 6. 1928 Lubina,† Prosinec 2002
http://www.phil.muni.cz/fil/scf/komplet/uhlir.html,Antonín Uhlíř,* 18. 6. 1882 Černilov u Hradce Králové,† 23. 11. 1957 Praha
http://www.phil.muni.cz/fil/scf/komplet/ulehla.html,Vladimír Úlehla,* 16. 7. 1888 Vídeň,† 3. 7. 1947 Brno
http://www.phil.muni.cz/fil/scf/komplet/urban.html,Jan Evangelista Urban,* 20. 2. 1901 Praha,† 7. 1. 1991 Praha
http://www.phil.muni.cz/fil/scf/komplet/urx.html,Eduard Urx,* 29. 1. 1903 Velká nad Veličkou,† 20. 4. 1942 Mauthausen
http://www.phil.muni.cz/fil/scf/komplet/utitz.html,Emil Utitz,* 27. 5. 1883 Praha,† 2. 11. 1956 Jena
http://www.phil.muni.cz/fil/scf/komplet/vaclto.html,Václav Tomášův z Nymburka,* 14.–15. století,
http://www.phil.muni.cz/fil/scf/komplet/vaclch.html,Václav z Chrudimě,* 15. století,
http://www.phil.muni.cz/fil/scf/komplet/vaclmi.html,Václav z Mirovic,* 14.–15. století,
http://www.phil.muni.cz/fil/scf/komplet/vaclp1.html,Václav z Prahy,* 14.–15. století,
http://www.phil.muni.cz/fil/scf/komplet/vaclp2.html,Václav z Prahy,* 14.–15. století,
http://www.phil.muni.cz/fil/scf/komplet/vaclvk.html,Bedřich Václavek,* 10. 1. 1897 Čáslavice u Třebíče,† 5. 3. 1943 Osvětim
http://www.phil.muni.cz/fil/scf/komplet/valehr.html,Bohumil Valehrach-Schaefer,* 5. 7. 1922 Holíč,
http://www.phil.muni.cz/fil/scf/komplet/valnta.html,Lubomír Valenta,"* 24. 
6. 
1930 Olomouc",† 13. 1. 2021 Bruntál
http://www.phil.muni.cz/fil/scf/komplet/vanefo.html,František Oldřich Vaněk,* 1857 Olomouc,† 2. 1. 1923 Praha
http://www.phil.muni.cz/fil/scf/komplet/vanekj.html,Jiří Vaněk,* 19. 2. 1946 Piešťany,
http://www.phil.muni.cz/fil/scf/komplet/vaross.html,Marian Váross,* 7. 2. 1923 Martin,† 21. 11. 1988 Bratislava
http://www.phil.muni.cz/fil/scf/komplet/vrsova.html,Elena Várossová,* 8. 2. 1926 Rovňany,† 9. 11. 2010
http://www.phil.muni.cz/fil/scf/komplet/vasilk.html,Vladimír Fotijevič Vasilkioti,* 25. 9. 1900,
http://www.phil.muni.cz/fil/scf/komplet/vasicz.html,Zdeněk Vašíček,* 20. 5. 1933 Brno,† 13. 4. 2011 Brno
http://www.phil.muni.cz/fil/scf/komplet/vavra.html,Vincenc Vávra,* 4. 10. 1824 Praha,† 6. 8. 1877 Praha
http://www.phil.muni.cz/fil/scf/komplet/vavrbr.html,Vavřinec z Březové,* mezi 1370–72 Březová u Kutné Hory,† asi 1437 Praha
http://www.phil.muni.cz/fil/scf/komplet/vavrny.html,Vavřinec z Nymburka,,
http://www.phil.muni.cz/fil/scf/komplet/velek.html,Josef Velek,* 7. 7. 1953 Mnichov u Strakonic,
http://www.phil.muni.cz/fil/scf/komplet/velen.html,Josef Velenovský,* 22. 4. 1858 Čekanice u Blatné,
http://www.phil.muni.cz/fil/scf/komplet/velins.html,Stanislav Velinský,* 18. 10. 1899 Přelouč,† 5. 11. 1991 Oxford
http://www.phil.muni.cz/fil/scf/komplet/vernad.html,Georgij Vernadskij,* 20. 8. 1887 Moskva,† 1973 New Haven (USA)
http://www.phil.muni.cz/fil/scf/komplet/verun.html,Václav Verunáč,* 17. 9. 1893 Vlňoves u Mělníka,† 15. 5. 1960 Praha
http://www.phil.muni.cz/fil/scf/komplet/veselk.html,Karel Veselík,* 28. 1. 1848 Litomyšl,† 14. 1. 1914 Praha
http://www.phil.muni.cz/fil/scf/komplet/vetrov.html,Maximilián Větrovský,* 11. 1. 1660 Praha,† 28. 2. 1737
http://www.phil.muni.cz/fil/scf/komplet/vicenk.html,Jozef Viceník,* 11. 12. 1941 Trnava,
http://www.phil.muni.cz/fil/scf/komplet/vik.html,Ladislav Vik,* 25. 1. 1894 Drážďany,† 22. 3. 1958 Praha
http://www.phil.muni.cz/fil/scf/komplet/visnvs.html,Emil Višňovský,* 5. 3. 1956 Sobrance,
http://www.phil.muni.cz/fil/scf/komplet/vlk-v.html,Václav Vlk,* 12. 4. 1910 Brtnice u Jihlavy,† 23. 3. 1962 Praha
http://www.phil.muni.cz/fil/scf/komplet/vodicf.html,Felix Vodička,* 11. 4. 1909 Innsbruck,† 5. 1. 1974 Praha
http://www.phil.muni.cz/fil/scf/komplet/vodick.html,Timotheus Vodička,* 16. 9. 1910 Olomouc,† 12. 5. 1967 Olomouc
http://www.phil.muni.cz/fil/scf/komplet/vojtbl.html,Vojtěch Bludův,* 14. století,
http://www.phil.muni.cz/fil/scf/komplet/vojtzj.html,Vojtěch Raňkův z Ježova,* ok. 1320,† 15. 8. 1388
http://www.phil.muni.cz/fil/scf/komplet/vojtek.html,František Vojtek,* 4. 10. 1911 Tovačov,† 22. 7. 1981 Věrovany
http://www.phil.muni.cz/fil/scf/komplet/volkmn.html,Fridolin Wilhelm Volkmann,* 1821 Praha,† 13. 1. 1877 Praha
http://www.phil.muni.cz/fil/scf/komplet/vopnka.html,Petr Vopěnka,* 16. 5. 1935 Praha,† 20. 3. 2015
http://www.phil.muni.cz/fil/scf/komplet/vorovk.html,Karel Vorovka,* 3. 2. 1879 Praha,† 15. 1. 1929 Praha
http://www.phil.muni.cz/fil/scf/komplet/votka.html,Jan Votka,* 1825 Lysá nad Labem,† 1899 Praha
http://www.phil.muni.cz/fil/scf/komplet/vrana.html,Karel Vrána,* 24. 8. 1925 Zahrádka u Ledče n. Sázavou,† 11. 12. 2004 Říčany u Prahy
http://www.phil.muni.cz/fil/scf/komplet/vrben.html,Bohuslav Vrbenský,* 30. 3. 1882 Opočnice u Poděbrad,† 25. 11. 1944 Moskva
http://www.phil.muni.cz/fil/scf/komplet/vrttko.html,Antonín Jaroslav Vrťátko,* 1815,† 1892
http://www.phil.muni.cz/fil/scf/komplet/vychpa.html,Pavel Josef Vychodil,* 18. 4. 1862 Přemyslovice u Prostějova,† 7. 4. 1938 Brno
http://www.phil.muni.cz/fil/scf/komplet/vyskkp.html,Jan Kapistrán Vyskočil,* 27. 8. 1886 Postoupky u Kroměříže,† 9. 2. 1956 Praha
http://www.phil.muni.cz/fil/scf/komplet/vyskoc.html,Josef Vyskočil,* 28. 6. 1922 Most,† 20. 2. 1992 Praha
http://www.phil.muni.cz/fil/scf/komplet/wagner.html,Ján Alojz Wagner,* 30. 7. 1864 Slovenské Pravno,† 18. 10. 1930 Bratislava
http://www.phil.muni.cz/fil/scf/komplet/wald.html,František Wald,* 9. 1. 1861 Brandýsek u Slaného,† 19. 10. 1930 Ostrava
http://www.phil.muni.cz/fil/scf/komplet/walpr.html,Antonín Ignác Walprecht,* 8. 11. 1692 Libořice,† 15. 4. 1747 Rastatt
http://www.phil.muni.cz/fil/scf/komplet/weinb.html,Ota Weinberger,* 20. 4. 1919 Brno,† 30. 1. 2009
http://www.phil.muni.cz/fil/scf/komplet/wltsch.html,Felix Weltsch,* 6. 10. 1884 Praha,† 9. 11. 1964 Jeruzalém
http://www.phil.muni.cz/fil/scf/komplet/wern.html,Karel Werner,* 12. 1. 1925 Jemnice,† 26. 11. 2019
http://www.phil.muni.cz/fil/scf/komplet/werst.html,Jaroslav Werstadt,* 21. 3. 1888 Plzeň,† 8. 1. 1970 Praha
http://www.phil.muni.cz/fil/scf/komplet/werthm.html,Max Wertheimer,* 15. 4. 1880 Praha,† 12. 10. 1943 New York
http://www.phil.muni.cz/fil/scf/komplet/weyr.html,František Weyr,* 25. 4. 1879 Vídeň,† 29. 6. 1951 Brno
http://www.phil.muni.cz/fil/scf/komplet/wilman.html,Otto Philip August Willmann,* 24. 4. 1839 Lešno,† 1. 7. 1920 Litoměřice
http://www.phil.muni.cz/fil/scf/komplet/winter.html,Eduard Winter,* 16. 9. 1896 Hradec u Liberce,† 3. 3. 1982 Berlín
http://www.phil.muni.cz/fil/scf/komplet/wintrn.html,Josef Winternitz,* 18. 2. 1896 Oxford,† 21. 3. 1952 Londýn
http://www.phil.muni.cz/fil/scf/komplet/zaba.html,Gustav Zába,* 31. 7. 1854 Litomyšl,† 17. 10. 1924 Praha
http://www.phil.muni.cz/fil/scf/komplet/zahrad.html,Vincenc Zahradník,* 29. 12. 1790 Mladá Boleslav,"† 31. 8. 1836 Křešice, okr. Litoměřice"
http://www.phil.muni.cz/fil/scf/komplet/zala.html,Boris Zala,* 9. 12. 1954 Zlaté Moravce,
http://www.phil.muni.cz/fil/scf/komplet/zatka.html,Vlastimil Zátka,* 21. 10. 1946 Praha,
http://www.phil.muni.cz/fil/scf/komplet/zboril.html,Blahoslav Zbořil,* 21. 5. 1901 Valašské Meziříčí,† 18. 1. 1982 Brno
http://www.phil.muni.cz/fil/scf/komplet/zdenla.html,Zdeněk z Labouně,* 14.–15. století,
http://www.phil.muni.cz/fil/scf/komplet/zdislv.html,Zdislav ze Zvířetic,* 14.–15. století,
http://www.phil.muni.cz/fil/scf/komplet/zeleny.html,Jindřich Zelený,"* 13. 11. 1922 Bítovany, okr. Chrudim",† 11. 9. 1997 Praha
http://www.phil.muni.cz/fil/scf/komplet/zeman.html,Jiří Zeman,* 5. 9. 1926 Tábor,
http://www.phil.muni.cz/fil/scf/komplet/zenger.html,Karel Václav Bedřich Zenger,* 17. 12. 1830 Chomutov,† 22. 1. 1908 Praha
http://www.phil.muni.cz/fil/scf/komplet/zigo.html,Milan Zigo,* 4. 9. 1934 Fiľakovo,† 11. 11. 2017
http://www.phil.muni.cz/fil/scf/komplet/zich.html,Otakar Zich,* 25. 3. 1879 Městec Králové,† 9. 7. 1934 Praha
http://www.phil.muni.cz/fil/scf/komplet/zichml.html,Otakar Zich jr.,* 26. 5. 1908 Praha,† 5. 3. 1984 Praha
http://www.phil.muni.cz/fil/scf/komplet/zikmdp.html,Zikmund z Prahy,* 14.–15. století,
http://www.phil.muni.cz/fil/scf/komplet/zimerm.html,Michal Zimmermann,* 21. 11. 1887 Kutaisi (Gruzie),† 29. 5. 1935 Brno
http://www.phil.muni.cz/fil/scf/komplet/zimanr.html,Robert von Zimmermann,* 2. 11. 1824 Praha,† 1. 9. 1898 Vídeň
http://www.phil.muni.cz/fil/scf/komplet/znoj.html,Milan Znoj,* 19. 12. 1952 České Budějovice,
http://www.phil.muni.cz/fil/scf/komplet/zouhrj.html,Jan Zouhar,* 16. 6. 1949 Brno,
http://www.phil.muni.cz/fil/scf/komplet/zumr.html,Josef Zumr,* 19. 3. 1928 Úmyslovice u Poděbrad,
http://www.phil.muni.cz/fil/scf/komplet/zuska.html,Vlastimil Zuska,* 5. 5. 1951 Praha,
http://www.phil.muni.cz/fil/scf/komplet/zverin.html,Josef Zvěřina,* 3. 5. 1913 Střítež u Třebíče,† 18. 8. 1990 Netunno (Itálie)
http://www.phil.muni.cz/fil/scf/komplet/zykmnd.html,Václav Zykmund,* 18. 6. 1914 Praha,† 10. 5. 1984 Brno
http://www.phil.muni.cz/fil/scf/komplet/zilka.html,František Žilka,"* 1. 6. 1871 Dolní Rozsíčka, okr. Žďár n. Sázavou",† 9. 2. 1944 Praha
